Id,BookTitle,AuthorFName,AuthorLName,Genre,Price,Status,DueDate,PatronId
101,Pride and Prejudice,Jane,Austen,General & Literary Fiction,$12.00,In,,
102,The Yellow Wallpaper,Charlotte Perkins,Gilman,General & Literary Fiction,$12.00,In,,
103,Alice's Adventures in Wonderland,Lewis,Carroll,General & Literary Fiction,$12.00,In,,
104,"Frankenstein; Or, The Modern Prometheus",Mary Wollstonecraft,Shelley,General & Literary Fiction,$12.00,In,,
105,Metamorphosis,Franz,Kafka,General & Literary Fiction,$12.00,In,,
106,Adventures of Huckleberry Finn,Mark,Twain,General & Literary Fiction,$12.00,In,,
107,The Importance of Being Earnest: A Trivial Comedy for Serious People,Oscar,Wilde,General & Literary Fiction,$12.00,In,,
108,The Adventures of Tom Sawyer,Mark,Twain,General & Literary Fiction,$12.00,In,,
109,"Narrative of the Life of Frederick Douglass, an American Slave",Frrederick,Douglass,Biography,$12.00,In,,
110,A Doll's House : a play,Henrik,Ibsen,General & Literary Fiction,$12.00,In,,
111,"Moby Dick; Or, The Whale",Herman,Melville,General & Literary Fiction,$12.00,In,,
112,The Adventures of Sherlock Holmes,Arthur Conan,Doyle,General & Literary Fiction,$12.00,In,,
113,Great Expectations,Charles,Dickens,General & Literary Fiction,$12.00,In,,
114,Ulysses,James,Joyce,General & Literary Fiction,$12.00,In,,
115,A Tale of Two Cities,Charles,Dickens,General & Literary Fiction,$12.00,In,,
116,"A Modest Proposal: For preventing the children of poor people in Ireland, from being a burden on their parents or country, and for making them beneficial to the publick",Jonathan,Swift,Politics & Government,$12.00,In,,
117,Dracula,Bram,Stoker,General & Literary Fiction,$12.00,In,,
118,The Prince,Niccolo,Machiavelli,Politics & Government,$12.00,In,,
119,The Picture of Dorian Gray,Oscar,Wilde,General & Literary Fiction,$12.00,In,,
120,War and Peace,Leo,Tolstoy,General & Literary Fiction,$12.00,In,,
121,Grimms' Fairy Tales,Wilhelm,Grimm,Short Stories - Fiction,$12.00,In,,
122,"The Kama Sutra of Vatsyayana: Translated From the Sanscrit in Seven Parts With Preface, Introduction and Concluding Remarks",,Vatsyayana,Love & Sex,$12.00,In,,
123,Emma,Jane,Austen,General & Literary Fiction,$12.00,In,,
124,Beowulf: An Anglo-Saxon Epic Poem,,Unknown,Poetry,$12.00,In,,
125,Les MisÃ©rables,Victor ,Hugo,General & Literary Fiction,$12.00,In,,
126,The Romance of Lust: A Classic Victorian erotic novel,,Anonymous,Love & Sex,$12.00,In,,
127,Jane Eyre: An Autobiography,Charlotte,Bronte,General & Literary Fiction,$12.00,In,,
128,Leaves of Grass,Walt,Whitman,Poetry,$12.00,In,,
129,Dubliners,James,Joyce,Short Stories - Fiction,$12.00,In,,
130,Sense and Sensibility,Jane,Austen,General & Literary Fiction,$12.00,In,,
131,Leviathan,Thomas,Hobbes,Politics & Government,$12.00,In,,
132,The Strange Case of Dr. Jekyll and Mr. Hyde,Robert Louis,Stevenson,General & Literary Fiction,$12.00,In,,
133,Treasure Island,Robert Louis,Stevenson,General & Literary Fiction,$12.00,In,,
134,Wuthering Heights,Emily,Bronte,General & Literary Fiction,$12.00,In,,
135,Heart of Darkness,Joseph,Conrad,General & Literary Fiction,$12.00,In,,
136,"The Count of Monte Cristo, Illustrated",Alexandre,Dumas,General & Literary Fiction,$12.00,In,,
137,Gulliver's Travels into Several Remote Nations of the World,Jonathan,Swift,General & Literary Fiction,$12.00,In,,
138,"The Awakening, and Selected Short Stories",Kate,Chopin,General & Literary Fiction,$12.00,In,,
139,Peter Pan,James Matthew,Barrie,General & Literary Fiction,$12.00,In,,
140,Siddhartha,Hermann,Hesse,Philosophy,$12.00,In,,
141,The Republic,,Plato,Politics & Government,$12.00,In,,
142,Autobiography of Benjamin Franklin,Benjamin,Franklin,Biography,$12.00,In,,
143,The Life and Adventures of Robinson Crusoe,Daniel,Defoe,General & Literary Fiction,$12.00,In,,
144,"Songs of Innocence, and Songs of Experience",William,Blake,Poetry,$12.00,In,,
145,Essays of Michel de Montaigne â€” Complete,Michel de,Montaigne,Essays,$12.00,In,,
146,"The Divine Comedy by Dante, Illustrated",Alighieri,Dante Alighieri,Poetry,$12.00,In,,
147,A Christmas Carol in Prose; Being a Ghost Story of Christmas,Charles,Dickens,General & Literary Fiction,$12.00,In,,
148,A Study in Scarlet,Arthur Conan,Doyle,General & Literary Fiction,$12.00,In,,
149,The Jungle Book,Rudyard,Kipling,General & Literary Fiction,$12.00,In,,
150,Crime and Punishment,Fyodor,Dostoyevsky,General & Literary Fiction,$12.00,In,,
151,The Iliad,,Homer,Poetry,$12.00,In,,
152,Beyond Good and Evil,Friedrich Wilhelm,Nietzsche,Philosophy,$12.00,In,,
153,Candide,,Voltaire,General & Literary Fiction,$12.00,In,,
154,"Steam, Its Generation and Use",,Babcock & Wilcox Company,Non-fiction,$12.00,In,,
155,Pygmalion,Bernard,"Shaw, Bernard",Non-fiction,$12.00,In,,
156,The Complete Works of William Shakespeare,William,Shakespeare,Drama,$12.00,In,,
157,Oliver Twist,Charles,Dickens,General & Literary Fiction,$12.00,In,,
158,Heart of Darkness,Joseph,Conrad,General & Literary Fiction,$12.00,In,,
159,English Literature: Its History and Its Significance for the Life of the English-Speaking World,William J.,Long,Non-fiction,$12.00,In,,
160,An Occurrence at Owl Creek Bridge,Ambrose,Bierce,Short Stories - Fiction,$12.00,In,,
161,Second Treatise of Government,John,Locke,Politics & Government,$12.00,In,,
162,The King James Version of the Bible,,Unknown,Bible,$12.00,In,,
163,"My Secret Life, Volumes I. to III.: 1888 Edition",,Anonymous,Love & Sex,$12.00,In,,
164,The Wonderful Wizard of Oz,L. Frank,Baum,General & Literary Fiction,$12.00,In,,
165,On Liberty,John Stuart,Mill,Politics & Government,$12.00,In,,
166,The Hound of the Baskervilles,Arthur Conan,Doyle,General & Literary Fiction,$12.00,In,,
167,Three Men in a Boat,Jerome K.,"Jerome, Jerome K. (Jerome Klapka)",General & Literary Fiction,$12.00,In,,
168,Through the Looking-Glass,Lewis,Carroll,General & Literary Fiction,$12.00,In,,
169,The Time Machine,H.G.,Wells ,General & Literary Fiction,$12.00,In,,
170,"The Interesting Narrative of the Life of Olaudah Equiano, Or Gustavus Vassa, The African: Written By Himself",Olaudah,Equiano ,Biography,$12.00,In,,
171,The Jungle,Upton,Sinclair ,General & Literary Fiction,$12.00,In,,
172,Josefine Mutzenbacher: oder Die Geschichte einer Wienerischen Dirne von ihr selbst erzÃ¤hlt,Felix,Salten ,Love & Sex,$12.00,In,,
173,"Walden, and On The Duty Of Civil Disobedience",Henry David,Thoreau ,Philosophy,$12.00,In,,
174,Hard Times,Charles,Dickens ,General & Literary Fiction,$12.00,In,,
175,The Brothers Karamazov,Fyodor,Dostoyevsky ,General & Literary Fiction,$12.00,In,,
176,Democracy in America â€” Volume 1,Alexis de,Tocqueville ,Politics & Government,$12.00,In,,
177,Complete Original Short Stories of Guy De Maupassant,Guy de,Maupassant ,Short Stories - Fiction,$12.00,In,,
178,Practical Grammar and Composition,Thomas,Wood ,Non-fiction,$12.00,In,,
179,David Copperfield,Charles,Dickens ,General & Literary Fiction,$12.00,In,,
180,Narrative of the Captivity and Restoration of Mrs. Mary Rowlandson,Mary White,Rowlandson ,Biography,$12.00,In,,
181,Uncle Tom's Cabin,Harriet Beecher,Stowe ,General & Literary Fiction,$12.00,In,,
182,How to Analyze People on Sight: Through the Science of Human Analysis: The Five Human Types,Ralph Paine,Benedict ,Non-fiction,$12.00,In,,
183,The Legend of Sleepy Hollow,Washington,Irving ,General & Literary Fiction,$12.00,In,,
184,Around the World in Eighty Days,Jules,Verne ,General & Literary Fiction,$12.00,In,,
185,Anna Karenina,Leo,Tolstoy ,General & Literary Fiction,$12.00,In,,
186,The Mysterious Affair at Styles,Agatha,Christie ,General & Literary Fiction,$12.00,In,,
187,The Call of the Wild,Jack,London ,General & Literary Fiction,$12.00,In,,
188,Anne of Green Gables,L.M.,Montgomery ,General & Literary Fiction,$12.00,In,,
189,Persuasion,Jane,Austen ,General & Literary Fiction,$12.00,In,,
190,Don Quixote,Miguel de,Cervantes Saavedra ,General & Literary Fiction,$12.00,In,,
191,Democracy and Education: An Introduction to the Philosophy of Education,John,Dewey ,Non-fiction,$12.00,In,,
192,A Portrait of the Artist as a Young Man,James,Joyce ,Autobiography,$12.00,In,,
193,The Tragical History of Doctor Faustus: From the Quarto of 1604,Christoper,Marlowe ,General & Literary Fiction,$12.00,In,,
194,Ethan Frome,Edith,Wharton ,General & Literary Fiction,$12.00,In,,
195,Paradise Lost,John,Milton ,General & Literary Fiction,$12.00,In,,
196,The Tragedy of Romeo and Juliet,William,Shakespeare ,General & Literary Fiction,$12.00,In,,
197,Utopia,Saint Thomas,More ,Philosophy,$12.00,In,,
198,Myths and Legends of Ancient Greece and Rome,E.M.,Berens ,Mythology,$12.00,In,,
199,Forbidden Fruit: Luscious and exciting story and More forbidden fruit or; Master Percy's progress in and beyond the domestic circle,,Anonymous,Love & Sex,$12.00,In,,
200,Common Sense,Thomas,Paine ,Politics & Government,$12.00,In,,
201,Northanger Abbey,Jane,Austen ,General & Literary Fiction,$20.00,In,,
202,The Scarlet Letter,Nathaniel,Hawthorne ,General & Literary Fiction,$20.00,In,,
203,The Communist Manifesto,Friedrich  ,Engels ,Politics & Government,$20.00,In,,
204,The Turn of the Screw,Henry  ,James ,General & Literary Fiction,$20.00,In,,
205,Lysistrata,,Aristophanes,General & Literary Fiction,$20.00,In,,
206,The Souls of Black Folk,W.E.B.,Du Bois ,General & Literary Fiction,$20.00,In,,
207,Madame Bovary,Gustave,Flaubert ,General & Literary Fiction,$20.00,In,,
208,The Reign of Greed,Jose ,Rizal ,General & Literary Fiction,$20.00,In,,
209,Hedda Gabler,Henrik,Ibsen ,General & Literary Fiction,$20.00,In,,
210,The Return of Sherlock Holmes,Arthur Conan,Doyle ,General & Literary Fiction,$20.00,In,,
211,Le Morte d'Arthur: Volume 1,Sir Thomas,Malory ,General & Literary Fiction,$20.00,In,,
212,The Works of Edgar Allan Poe â€” Volume 1,Edgar Allan,Poe ,General & Literary Fiction,$20.00,In,,
213,Don Juan,George Gordon Byron,Byron ,General & Literary Fiction,$20.00,In,,
214,The War of the Worlds,H.G.,Wells ,General & Literary Fiction,$20.00,In,,
215,Mansfield Park,Jane,Austen ,General & Literary Fiction,$20.00,In,,
216,Just So Stories,Rudyard,Kipling ,Short Stories - Fiction,$20.00,In,,
217,Middlemarch,George  ,Eliot ,General & Literary Fiction,$20.00,In,,
218,Thus Spake Zarathustra: A Book for All and None,Friedrich Wilhelm,Nietzsche ,Philosophy,$20.00,In,,
219,Meditations,Emperor of Rome,Marcus Aurelius ,Philosophy,$20.00,In,,
220,"On the Origin of Species By Means of Natural Selection: Or, the Preservation of Favoured Races in the Struggle for Life",Charles,Darwin ,Non-fiction,$20.00,In,,
221,Faust,Johann Wolfgang von,Goethe ,Poetry,$20.00,In,,
222,An Inquiry into the Nature and Causes of the Wealth of Nations,Adam,Smith ,Economics,$20.00,In,,
223,The Tale of Peter Rabbit,Beatrix,Potter ,Juvenile fiction,$20.00,In,,
224,"The Ladies' Book of Etiquette, and Manual of Politeness: A Complete Hand Book for the Use of the Lady in Polite Society",Florence,Hartley ,Non-fiction,$20.00,In,,
225,A Treatise of Human Nature,David,Hume ,Non-fiction,$20.00,In,,
226,Little Women,Louisa May,Alcott ,General & Literary Fiction,$20.00,In,,
227,The Problems of Philosophy,Bertrand,Russell ,Philosophy,$20.00,In,,
228,Bleak House,Charles,Dickens ,General & Literary Fiction,$20.00,In,,
229,The Works of Edgar Allan Poe â€” Volume 2,Edgar Allan,Poe ,General & Literary Fiction,$20.00,In,,
230,The Devil's Dictionary,Ambrose,Bierce ,General & Literary Fiction,$20.00,In,,
231,The Art of War,,"Sunzi, active 6th century B.C.","Military art and science,War",$20.00,In,,
232,The Critique of Pure Reason,Immanuel,Kant ,Philosophy,$20.00,In,,
233,"Memoirs Of Fanny Hill: A New and Genuine Edition from the Original Text (London, 1749)",John,Cleland ,Love & Sex,$20.00,In,,
234,The Practice and Science of Drawing,Harold,Speed ,Drawing,$20.00,In,,
235,The Sign of the Four,Arthur Conan,Doyle ,General & Literary Fiction,$20.00,In,,
236,The Odyssey: Rendered into English prose for the use of those who cannot read the original,,Homer,Poetry,$20.00,In,,
237,A Princess of Mars,Edgar Rice,Burroughs ,General & Literary Fiction,$20.00,In,,
238,Myths and Legends of China,E.T.C.,Werner ,Mythology,$20.00,In,,
239,The Three Musketeers,Alexandre,Dumas ,General & Literary Fiction,$20.00,In,,
240,2 B R 0 2 B,Kurt,Vonnegut ,Science Fiction,$20.00,In,,
241,The Sorrows of Young Werther,Johann Wolfgang von,Goethe ,General & Literary Fiction,$20.00,In,,
242,The Woman in White,Wilkie,Collins ,General & Literary Fiction,$20.00,In,,
243,Notes from the Underground,Fyodor,Dostoyevsky ,General & Literary Fiction,$20.00,In,,
244,Latin for Beginners,Benjamin L.,D'Ooge ,Language,$20.00,In,,
245,The Memoirs of Sherlock Holmes,Arthur Conan,Doyle ,General & Literary Fiction,$20.00,In,,
246,The History Of The Decline And Fall Of The Roman Empire: Table of Contents with links in the HTML file to the two; Project Gutenberg editions (12 volumes),Edward,Gibbon ,Non-fiction,$20.00,In,,
247,The Trial,Franz,Kafka ,General & Literary Fiction,$20.00,In,,
248,"Hamlet, Prince of Denmark",William,Shakespeare ,General & Literary Fiction,$20.00,In,,
249,A Concise Dictionary of Middle English from A.D. 1150 to 1580,Walter W.,Skeat ,Language,$20.00,In,,
250,Journal of Small Things,Helen,Mackay ,Short Stories - Fiction,$20.00,In,,
251,The Wind in the Willows,Kenneth,Grahame ,General & Literary Fiction,$20.00,In,,
252,Tess of the d'Urbervilles: A Pure Woman,Thomas,Hardy ,General & Literary Fiction,$20.00,In,,
253,Macbeth,William,Shakespeare ,Drama,$20.00,In,,
254,The Elements of Style,William,Strunk ,Language,$20.00,In,,
255,An Ideal Husband,Oscar,Wilde ,Drama,$20.00,In,,
256,Don Quijote,Miguel de,Cervantes Saavedra ,General & Literary Fiction,$20.00,In,,
257,The Prince and the Pauper,Mark,Twain ,General & Literary Fiction,$20.00,In,,
258,North and South,Elizabeth Cleghorn,Gaskell ,General & Literary Fiction,$20.00,In,,
259,Childe Harold's Pilgrimage,George Gordon Byron,Byron ,Poetry,$20.00,In,,
260,The Anatomy of Melancholy,Robert  ,Burton ,Philosophy,$20.00,In,,
261,The Notebooks of Leonardo Da Vinci â€” Complete,,"Leonardo, da Vinci",Drawing,$20.00,In,,
262,Andersen's Fairy Tales,H.C.,Andersen ,Short Stories - Fiction,$20.00,In,,
263,Great Disasters and Horrors in the World's History,Allen Howard,Godbey ,Non-fiction,$20.00,In,,
264,Plays,Susan,Glaspell ,Drama,$20.00,In,,
265,Dead End,Wallace,Macfarlane ,General & Literary Fiction,$20.00,In,,
266,Philosophiae Naturalis Principia Mathematica,Sir Isaac,Newton ,Non-fiction,$20.00,In,,
267,The Confessions of St. Augustine,,"Augustine, Saint, Bishop of Hippo",Biography,$20.00,In,,
268,Swann's Way,Marcel,Proust ,General & Literary Fiction,$20.00,In,,
269,"Twelve Years a Slave: Narrative of Solomon Northup, a Citizen of New-York, Kidnapped in Washington City in 1841, and Rescued in 1853, from a Cotton Plantation near the Red River in Louisiana",Solomon,Northup ,Biography,$20.00,In,,
270,The Sea-Gull,Anton Pavlovich,Chekhov ,Drama,$20.00,In,,
271,Spacemen Die at Home,Edward W.,Ludwig ,General & Literary Fiction,$20.00,In,,
272,The Secret Adversary,Agatha,Christie ,General & Literary Fiction,$20.00,In,,
273,The Ten Books on Architecture,Pollio,Vitruvius Pollio,Non-fiction,$20.00,In,,
274,"The vision of hell.: By Dante Alighieri.; Translated by Rev. Henry Francis Cary, M.A.; and illustrated with the seventy-five designs of Gustave DorÃ©.",Alighieri,Dante Alighieri,Poetry,$20.00,In,,
275,Noli Me Tangere,Jose,Rizal ,General & Literary Fiction,$20.00,In,,
276,"Beasts, Men and Gods",Ferdynand Antoni,Ossendowski ,Non-fiction,$20.00,In,,
277,The Castle of Otranto,Horace,Walpole ,General & Literary Fiction,$20.00,In,,
278,"Lyrical Ballads, With a Few Other Poems (1798)",William,Wordsworth ,Poetry,$20.00,In,,
279,The Moonstone,Wilkie,Collins ,General & Literary Fiction,$20.00,In,,
280,The Fall of the House of Usher,Edgar Allan,Poe ,Short Stories - Fiction,$20.00,In,,
281,The Age of Innocence,Edith,Wharton ,General & Literary Fiction,$20.00,In,,
282,The Aeneid,,Virgil,Poetry,$20.00,In,,
283,"The Monkey's Paw: The Lady of the Barge and Others, Part 2.",W.W.,Jacobs ,General & Literary Fiction,$20.00,In,,
284,Alice's Adventures in Wonderland,Lewis,Carroll ,Fantasy,$20.00,In,,
285,The Secret Garden,Frances Hodgson,Burnett ,General & Literary Fiction,$20.00,In,,
286,The History of the Peloponnesian War,,Thucydides,Non-fiction,$20.00,In,,
287,A Connecticut Yankee in King Arthur's Court,Mark,Twain ,General & Literary Fiction,$20.00,In,,
288,The Livestock Producer and Armour,,Unknown,Non-fiction,$20.00,In,,
289,Carmilla,Joseph Sheridan,Le Fanu ,General & Literary Fiction,$20.00,In,,
290,"Eve's Diary, Complete",Mark,Twain ,Short Stories - Fiction,$20.00,In,,
291,Ethics,Benedictus de,Spinoza ,Ethics,$20.00,In,,
292,Anthem,Ayn,Rand ,General & Literary Fiction,$20.00,In,,
293,A Room with a View,E. M. (Edward Morgan),Forster ,General & Literary Fiction,$20.00,In,,
294,"The Divine Comedy by Dante, Illustrated, Paradise, Complete",,Dante Alighieri,Poetry,$20.00,In,,
295,"The Mechanical Properties of Wood: Including a Discussion of the Factors Affecting the Mechanical Properties, and Methods of Timber Testing",Samuel J. (Samuel James),Record ,Non-fiction,$20.00,In,,
296,"Pamela, or Virtue Rewarded",Samuel,Richardson ,General & Literary Fiction,$20.00,In,,
297,This Side of Paradise,F. Scott (Francis Scott),Fitzgerald ,General & Literary Fiction,$20.00,In,,
298,"The Happy Prince, and Other Tales",Oscar,Wilde ,Short Stories - Fiction,$20.00,In,,
299,The Innocents Abroad,Mark,Twain ,Travel,$20.00,In,,
300,An Essay on Man; Moral Essays and Satires,Alexander Alexander,Pope ,Poetry,$20.00,In,,
301,The Tragedy of Pudd'nhead Wilson,Mark,Twain ,General & Literary Fiction,$20.00,In,,
302,Symposium,,Plato,Philosophy,$20.00,In,,
303,The Gentlemen's Book of Etiquette and Manual of Politeness: Being a Complete Guide for a Gentleman's Conduct in All His Relations Towards Society,Cecil B.,Hartley ,Non-fiction,$20.00,In,,
304,The Man Who Was Six,F. L. (Floyd L.),Wallace ,General & Literary Fiction,$20.00,In,,
305,Plays of Sophocles: Oedipus the King; Oedipus at Colonus; Antigone,,Sophocles,Drama,$20.00,In,,
306,The Red Badge of Courage: An Episode of the American Civil War,Stephen,Crane ,General & Literary Fiction,$20.00,In,,
307,The Condition of the Working-Class in England in 1844: with a Preface written in 1892,Friedrich Friedrich,Engels ,Non-fiction,$20.00,In,,
308,"Divine Comedy, Longfellow's Translation, Hell",,Dante Alighieri,Poetry,$20.00,In,,
309,Cyrano de Bergerac,Edmond,Rostand ,Drama,$20.00,In,,
310,Hamlet,William,Shakespeare ,Drama,$20.00,In,,
311,Discourse on the Method of Rightly Conducting One's Reason and of Seeking Truth in the Sciences,Rene,Descartes ,Non-fiction,$20.00,In,,
312,Maggie: A Girl of the Streets,Stephen,Crane ,General & Literary Fiction,$20.00,In,,
313,The Library of Entertainment Handbook,John Chilton,Scammell ,Literature -- Collections,$20.00,In,,
314,Twenty Thousand Leagues under the Sea,Jules,Verne ,General & Literary Fiction,$20.00,In,,
315,The King in Yellow,Robert W. (Robert William),Chambers ,Short Stories - Fiction,$20.00,In,,
316,The World as Will and Idea (Vol. 1 of 3),Arthur,Schopenhauer ,Philosophy,$20.00,In,,
317,The American Occupation of the Philippines 1898-1912,James H. (James Henderson),Blount ,Politics & Government,$20.00,In,,
318,"The Canterbury Tales, and Other Poems",Geoffrey,Chaucer ,Poetry,$20.00,In,,
319,My Man Jeeves,P. G. (Pelham Grenville),Wodehouse ,Short Stories - Fiction,$20.00,In,,
320,"Spenser's The Faerie Queene, Book I",Edmund Edmund,Spenser ,Poetry,$20.00,In,,
321,Mrs. Warren's Profession,Bernard,Shaw ,Drama,$20.00,In,,
322,Pascal's PensÃ©es,Blaise,Pascal ,Philosophy,$20.00,In,,
323,Venus in Furs,Leopold Ritter von,Sacher-Masoch ,Love & Sex,$20.00,In,,
324,The Legends of King Arthur and His Knights,Sir James,Knowles ,General & Literary Fiction,$20.00,In,,
325,The Satyricon â€” Complete,,Petronius Arbiter,Language,$20.00,In,,
326,"The Pilgrim's Progress from this world to that which is to come: Delivered under the similitude of a dream, by John Bunyan",John John,Bunyan ,General & Literary Fiction,$20.00,In,,
327,Kidnapped,Robert Louis,Stevenson ,General & Literary Fiction,$20.00,In,,
328,On War â€” Volume 1,Carl von,Clausewitz ,"Military art and science,War",$20.00,In,,
329,The Confessions of Jean Jacques Rousseau â€” Complete,Jean-Jacques Jean,Rousseau ,Biography,$20.00,In,,
330,Die Verwandlung,Franz,Kafka ,General & Literary Fiction,$20.00,In,,
331,The Idiot,Fyodor,Dostoyevsky ,General & Literary Fiction,$20.00,In,,
332,Famous Impostors,Bram,Stoker ,General & Literary Fiction,$20.00,In,,
333,The Strange Case of Dr. Jekyll and Mr. Hyde,Robert Louis,Stevenson ,General & Literary Fiction,$20.00,In,,
334,The Addicts,Joseph,Samachson ,General & Literary Fiction,$20.00,In,,
335,The Lost World,Arthur Conan,Doyle ,Fantasy,$20.00,In,,
336,Life on the Mississippi,Mark,Twain ,General & Literary Fiction,$20.00,In,,
337,An Enquiry Concerning Human Understanding,David,Hume ,Ethics,$20.00,In,,
338,The Marching Morons,C. M. (Cyril M.),Kornbluth ,General & Literary Fiction,$20.00,In,,
339,The Decameron of Giovanni Boccaccio,Giovanni,Boccaccio ,General & Literary Fiction,$20.00,In,,
340,A Vindication of the Rights of Woman: With Strictures on Political and Moral Subjects,Mary,Wollstonecraft ,Politics & Government,$20.00,In,,
341,Tarzan of the Apes,Edgar Rice,Burroughs ,General & Literary Fiction,$20.00,In,,
342,Southern Horrors: Lynch Law in All Its Phases,Ida Ida B.,Wells-Barnett ,General & Literary Fiction,$20.00,In,,
343,Uncle Vanya: Scenes from Country Life in Four Acts,Anton Pavlovich,Chekhov ,Drama,$20.00,In,,
344,The Social Cancer: A Complete English Version of Noli Me Tangere,Jose,Rizal ,Historical Fiction,$20.00,In,,
345,Gargantua and Pantagruel,Francois,Rabelais ,Fantasy,$20.00,In,,
346,The Pursuit of God,A. W. (Aiden Wilson),Tozer ,Religion,$20.00,In,,
347,The Federalist Papers,John,Jay ,Politics & Government,$20.00,In,,
348,"The Life and Opinions of Tristram Shandy, Gentleman",Laurence Laurence,Sterne ,General & Literary Fiction,$20.00,In,,
349,The Ladies Delight,,Anonymous,Poetry,$20.00,In,,
350,"The Lives of the Twelve Caesars, Complete",,Suetonius,Biography,$20.00,In,,
351,Roughing It,Mark,Twain ,General & Literary Fiction,$20.00,In,,
352,Second Variety,Philip K.,Dick ,General & Literary Fiction,$20.00,In,,
353,Bridge Crossing,Dave,Dryfoos ,General & Literary Fiction,$20.00,In,,
354,"The Thousand and One Nights, Vol. I.: Commonly Called the Arabian Nights' Entertainments",,Unknown,Short Stories - Fiction,$20.00,In,,
355,The Consolation of Philosophy,,Boethius,Philosophy,$20.00,In,,
356,A Complete Guide to Heraldry,Arthur Arthur Charles,Fox-Davies ,Non-fiction,$20.00,In,,
357,Max und Moritz: Eine Bubengeschichte in sieben Streichen,Wilhelm,Busch ,Poetry,$20.00,In,,
358,The Poetics of Aristotle,,Aristotle,Poetry,$20.00,In,,
359,Ghosts,Henrik,Ibsen ,Drama,$20.00,In,,
360,Struwwelpeter: Merry Stories and Funny Pictures,Heinrich,Hoffmann ,Short Stories - Fiction,$20.00,In,,
361,Youth,Isaac,Asimov ,General & Literary Fiction,$20.00,In,,
362,Plain Tales from the Hills,Rudyard,Kipling ,Non-fiction,$20.00,In,,
363,The Invisible Man: A Grotesque Romance,H. G. (Herbert George) H. G. (Herbert,Wells ,General & Literary Fiction,$20.00,In,,
364,Utilitarianism,John Stuart,Mill ,Utilitarianism,$20.00,In,,
365,Novo dicionÃ¡rio da lÃ­ngua portuguesa,Candido de,Figueiredo ,Language,$20.00,In,,
366,Beasts and Super-Beasts,,Saki,Short Stories - Fiction,$20.00,In,,
367,"The History of Prostitution: Its Extent, Causes, and Effects throughout the World",William W.,Sanger ,Love & Sex,$20.00,In,,
368,A Journey to the Centre of the Earth,Jules,Verne ,General & Literary Fiction,$20.00,In,,
369,A Classification and Subject Index for Cataloguing and Arranging the Books and Pamphlets of a Library,Melvil,Dewey ,Non-fiction,$20.00,In,,
370,The Theory of the Leisure Class,Thorstein,Veblen ,Philosophy,$20.00,In,,
371,Ivanhoe: A Romance,Walter,Scott ,General & Literary Fiction,$20.00,In,,
372,Notre-Dame De Paris,Victor,Hugo ,General & Literary Fiction,$20.00,In,,
373,"Lineage, Life and Labors of JosÃ© Rizal, Philippine Patriot",Austin,Craig ,Non-fiction,$20.00,In,,
374,The Valley of Fear,Arthur Conan,Doyle ,General & Literary Fiction,$20.00,In,,
375,The Island of Doctor Moreau,H. G. (Herbert George),Wells ,General & Literary Fiction,$20.00,In,,
376,Alice's Adventures in Wonderland: Illustrated by Arthur Rackham. With a Proem by Austin Dobson,Lewis,Carroll ,Fantasy,$20.00,In,,
377,The Man Outside,Evelyn E.,Smith ,General & Literary Fiction,$20.00,In,,
378,The Last of the Mohicans; A narrative of 1757,James Fenimore,Cooper ,General & Literary Fiction,$20.00,In,,
379,The Adventures of Pinocchio,Carlo,Collodi ,Juvenile fiction,$20.00,In,,
380,"The Spectator, Volumes 1, 2 and 3: With Translations and Index for the Series",,Steele ,Literature -- Collections,$20.00,In,,
381,The Jungle Book,Rudyard,Kipling ,General & Literary Fiction,$20.00,In,,
382,The Sense of Wonder,Stephen,Marlowe ,Drama,$20.00,In,,
383,China and Pottery Marks,,Unknown,Non-fiction,$20.00,In,,
384,Aesop's Fables; a new translation,,Aesop,Short Stories - Fiction,$20.00,In,,
385,Essays by Ralph Waldo Emerson,Ralph Waldo,Emerson ,Literature -- Collections,$20.00,In,,
386,Encyclopedia of Needlework,Therese de,Dillmont ,Non-fiction,$20.00,In,,
387,"Chaucer's Works, Volume 4 (of 7) â€” The Canterbury Tales",Geoffrey Geoffrey,Chaucer ,Poetry,$20.00,In,,
388,White Fang,Jack,London ,General & Literary Fiction,$20.00,In,,
389,"Mosses from an Old Manse, and Other Stories",Nathaniel,Hawthorne ,Short Stories - Fiction,$20.00,In,,
390,The Mayor of Casterbridge,Thomas,Hardy ,General & Literary Fiction,$20.00,In,,
391,Shakespearean Tragedy: Lectures on Hamlet ,A. C. (Andrew Cecil),Bradley ,Drama,$20.00,In,,
392,The Waste Land,T. S. (Thomas Stearns),Eliot ,Poetry,$20.00,In,,
393,My Antonia,Willa,Cather ,General & Literary Fiction,$20.00,In,,
394,Florante at Laura,Francisco,Balagtas ,Poetry,$20.00,In,,
395,Apology,,Plato,Philosophy,$20.00,In,,
396,"Bartleby, the Scrivener: A Story of Wall-Street",Herman Herman,Melville ,General & Literary Fiction,$20.00,In,,
397,Far from the Madding Crowd,Thomas,Hardy ,General & Literary Fiction,$20.00,In,,
398,History of the Decline and Fall of the Roman Empire â€” Volume 1,Edward Edward,Gibbon ,Non-fiction,$20.00,In,,
399,The Lady with the Dog and Other Stories,Anton Pavlovich,Chekhov ,General & Literary Fiction,$20.00,In,,
400,Filipino Popular Tales,,Unknown,Short Stories - Fiction,$20.00,In,,
401,Antiquities of the Jews,Flavius,Josephus ,Non-fiction,$20.00,In,,
402,The Secret Agent: A Simple Tale,Joseph Joseph,Conrad ,General & Literary Fiction,$20.00,In,,
403,The Raven,Edgar Allan,Poe ,Poetry,$20.00,In,,
404,The Iliad,,Homer,Poetry,$20.00,In,,
405,"The Mysterious Stranger, and Other Stories",Mark,Twain ,Short Stories - Fiction,$20.00,In,,
406,How?: or Spare Hours Made Profitable for Boys and Girls,Kennedy,Holbrook ,Non-fiction,$20.00,In,,
407,Laura Middleton; Her Brother and her Lover,,Anonymous,Love & Sex,$20.00,In,,
408,Biographia Literaria,Samuel Taylor,Coleridge ,Poetry,$20.00,In,,
409,"Incidents in the Life of a Slave Girl, Written by Herself",Harriet A. (Harriet Ann) Harriet A. (Harriet,Jacobs ,Biography,$20.00,In,,
410,"How To Write Special Feature Articles: A Handbook for Reporters, Correspondents and Free-Lance Writers Who Desire to Contribute to Popular Magazines and Magazine Sections of Newspapers",Willard Grosvenor,Bleyer ,Language,$20.00,In,,
411,The Pickwick Papers,Charles,Dickens ,General & Literary Fiction,$20.00,In,,
412,The House of Mirth,Edith,Wharton ,General & Literary Fiction,$20.00,In,,
413,A Little Princess: Being the whole story of Sara Crewe now told for the first time,Frances Hodgson Frances,Burnett ,General & Literary Fiction,$20.00,In,,
414,My Lady Greensleeves,Frederik,Pohl ,General & Literary Fiction,$20.00,In,,
415,"1000 Mythological Characters Briefly Described: Adapted to Private Schools, High Schools and Academies",Edward Sylvester,Ellis ,Mythology,$20.00,In,,
416,Women in Love,D. H. (David Herbert),Lawrence ,General & Literary Fiction,$20.00,In,,
417,An Enemy of the People,Henrik,Ibsen ,Drama,$20.00,In,,
418,Palmistry for All,,Cheiro,Religion,$20.00,In,,
419,The Person and Work of The Holy Spirit,R. A. (Reuben Archer) R. A. (Reuben,Torrey ,Religion,$20.00,In,,
420,Best Russian Short Stories,,Unknown,Short Stories - Fiction,$20.00,In,,
421,Faust: Der TragÃ¶die erster Teil,Johann Wolfgang von,Goethe ,Poetry,$20.00,In,,
422,The Thirty-Nine Steps,John,Buchan ,General & Literary Fiction,$20.00,In,,
423,Webster's Unabridged Dictionary,,Various,Language,$20.00,In,,
424,Flatland: A Romance of Many Dimensions (Illustrated),Edwin Abbott Edwin,Abbott ,General & Literary Fiction,$20.00,In,,
425,What Is Man? and Other Essays,Mark,Twain ,Literature -- Collections,$20.00,In,,
426,"The History of Don Quixote, Volume 1, Complete",Miguel de Miguel,Cervantes Saavedra ,General & Literary Fiction,$20.00,In,,
427,"Right Ho, Jeeves",P. G. (Pelham Grenville),Wodehouse ,Short Stories - Fiction,$20.00,In,,
428,Dr. Kometevsky's Day,Fritz,Leiber ,General & Literary Fiction,$20.00,In,,
429,The Best American Humorous Short Stories,,Unknown,Short Stories - Fiction,$20.00,In,,
430,Silas Marner,George,Eliot ,General & Literary Fiction,$20.00,In,,
431,The Vampyre; a Tale,John William,Polidori ,General & Literary Fiction,$20.00,In,,
432,Relativity : the Special and General Theory,Albert,Einstein ,Science,$20.00,In,,
433,"The DorÃ© Bible Gallery, Complete: Containing One Hundred Superb Illustrations, and a Page of Explanatory Letter-press Facing Each",,Unknown,Bible,$20.00,In,,
434,The Literary World Seventh Reader,,Unknown,Language,$20.00,In,,
435,The Innocence of Father Brown,G. K. (Gilbert Keith),Chesterton ,General & Literary Fiction,$20.00,In,,
436,"Electricity in Locomotion: An Account of its Mechanism, its Achievements, and its Prospects",Adam Gowens,Whyte ,Science ,$20.00,In,,
437,Kim,Rudyard,Kipling ,General & Literary Fiction,$20.00,In,,
438,Irish Fairy Tales,James,Stephens ,Short Stories - Fiction,$20.00,In,,
439,My Bondage and My Freedom,Frederick,Douglass ,Biography,$20.00,In,,
440,"Captain Cook's Journal During His First Voyage Round the World: Made in H. M. Bark ""Endeavour"", 1768-71",James,Cook ,General & Literary Fiction,$20.00,In,,
441,Black Beauty,Anna,Sewell ,Juvenile fiction,$20.00,In,,
442,De Profundis,Oscar,Wilde ,General & Literary Fiction,$20.00,In,,
443,A Discourse Upon the Origin and the Foundation of the Inequality Among Mankind,Jean-Jacques Jean Jacques,Rousseau ,Politics & Government,$20.00,In,,
444,The Middle-Class Gentleman,,Moliere,Drama,$20.00,In,,
445,The Alchemist,Ben,Jonson ,Drama,$20.00,In,,
446,Poems,Victor,Hugo ,Poetry,$20.00,In,,
447,The Rape of the Lock and Other Poems,Alexander,Pope ,Poetry,$20.00,In,,
448,Aesop's Fables: Translated by George Fyler Townsend,,Aesop,Short Stories - Fiction,$20.00,In,,
449,Democracy in America â€” Volume 2,Alexis de,Tocqueville ,Politics & Government,$20.00,In,,
450,"The Story of My Life: With her letters (1887-1901) and a supplementary account of her education, including passages from the reports and letters of her teacher, Anne Mansfield Sullivan, by John Albert Macy",Helen,Keller ,Biography,$20.00,In,,
451,"She Stoops to Conquer; Or, The Mistakes of a Night: A Comedy",Oliver,Goldsmith ,Comedy,$20.00,In,,
452,The Scarlet Pimpernel,,Orczy ,General & Literary Fiction,$20.00,In,,
453,The Poems and Prose Poems of Charles Baudelaire: with an Introductory Preface by James Huneker,Charles,Baudelaire ,Poetry,$20.00,In,,
454,The Rime of the Ancient Mariner,Samuel Taylor,Coleridge ,Poetry,$20.00,In,,
455,The Frontier in American History,Frederick Jackson,Turner ,Non-fiction,$20.00,In,,
456,Moby Dick,Herman,Melville ,General & Literary Fiction,$20.00,In,,
457,Buddenbrooks: Verfall einer Familie,Thomas,Mann ,General & Literary Fiction,$20.00,In,,
458,A Little Journey,Ray,Bradbury ,General & Literary Fiction,$20.00,In,,
459,Vanity Fair,William Makepeace,Thackeray ,General & Literary Fiction,$20.00,In,,
460,Birds of a Feather,Robert,Silverberg ,General & Literary Fiction,$20.00,In,,
461,Autobiography of a Yogi,Paramahansa,Yogananda ,Biography,$20.00,In,,
462,Nine Thousand Miles On A Pullman Train: An Account of a Tour of Railroad Conductors From; Philadelphia to the Pacific Coast an Return,Milton,Shaw ,Travel,$20.00,In,,
463,Dream Psychology: Psychoanalysis for Beginners,Sigmund,Freud ,Science,$20.00,In,,
464,The Pilot and the Bushman,Sylvia,Jacobs ,General & Literary Fiction,$20.00,In,,
465,Beautiful Stories from Shakespeare,William,Shakespeare ,Drama,$20.00,In,,
466,The Works of Edgar Allan Poe â€” Volume 3,Edgar Allan Edgar,Poe ,General & Literary Fiction,$20.00,In,,
467,Daisy Miller: A Study,Henry,James ,General & Literary Fiction,$20.00,In,,
468,Peter and Wendy,J. M. (James Matthew),Barrie ,Fantasy,$20.00,In,,
469,"Personal Memoirs of U. S. Grant, Complete",Ulysses S. (Ulysses Simpson) Ulysses S. (Ulysses,Grant ,Biography,$20.00,In,,
470,"Trial of the Major War Criminals Before the International Military Tribunal, Vol. I: Nuremburg 14 November 1945-1 October 1946: Vol. I",,Various,Non-fiction,$20.00,In,,
471,"The Black Man, the Father of Civilization, Proven by Biblical History",James Morris,Webb ,Religion,$20.00,In,,
472,The Autobiography of a Super-Tramp,W. H. (William Henry),Davies ,Autobiography,$20.00,In,,
473,The Enchiridion,,Epictetus,General & Literary Fiction,$20.00,In,,
474,History  of the World War: An Authentic Narrative of the World's Greatest War,Francis Andrew,March ,Non-fiction,$20.00,In,,
475,Confidence Game,Jim,Harmon ,General & Literary Fiction,$20.00,In,,
476,Confessions of an English Opium-Eater,Thomas,De Quincey ,Biography,$20.00,In,,
477,The Antichrist,Friedrich Wilhelm,Nietzsche ,Philosophy,$20.00,In,,
478,A Short History of the World,H. G. (Herbert George),Wells ,World history,$20.00,In,,
479,The Phantom of the Opera,Gaston,Leroux ,General & Literary Fiction,$20.00,In,,
480,Three Contributions to the Theory of Sex,Sigmund,Freud ,Love & Sex,$20.00,In,,
481,The Varieties of Religious Experience: A Study in Human Nature,William,James ,Religion,$20.00,In,,
482,She,H. Rider (Henry Rider),Haggard ,General & Literary Fiction,$20.00,In,,
483,1811 Dictionary of the Vulgar Tongue,Francis,Grose ,Language,$20.00,In,,
484,"Poems by Emily Dickinson, Three Series, Complete",Emily Emily,Dickinson ,Poetry,$20.00,In,,
485,Poems,T. S. (Thomas Stearns),Eliot ,Poetry,$20.00,In,,
486,"On Heroes, Hero-Worship, and the Heroic in History",Thomas Thomas,Carlyle ,Non-fiction,$20.00,In,,
487,"Ang Liham ni Dr. Jose Rizal sa mga Kadalagahan sa Malolos, Bulakan",Jose,Rizal ,Literature -- Collections,$20.00,In,,
488,Patty's Fortune,Carolyn,Wells ,General & Literary Fiction,$20.00,In,,
489,"The Wars of the Jews; Or, The History of the Destruction of Jerusalem",Flavius,Josephus ,History,$20.00,In,,
490,"The Origin of Species by Means of Natural Selection: Or, the Preservation of Favoured Races in the Struggle for Life, 6th Edition",Charles,Darwin ,Science,$20.00,In,,
491,The Tempest: The Works of William Shakespeare [Cambridge Edition] [9 vols.],William,Shakespeare ,Drama,$20.00,In,,
492,The Ignoble Savages,Evelyn E.,Smith ,General & Literary Fiction,$20.00,In,,
493,On the Nature of Things,Titus,Lucretius Carus ,Philosophy,$20.00,In,,
494,"The Outline of Science, Vol. 1 (of 4): A Plain Story Simply Told",J. Arthur (John Arthur),Thomson ,Science,$20.00,In,,
495,Pride and Prejudice,Jane,Austen ,General & Literary Fiction,$20.00,In,,
496,Medea of Euripides,,Euripides,Drama,$20.00,In,,
497,"Volpone; Or, The Fox",Ben,Jonson ,Drama,$20.00,In,,
498,"The life of Midhat Pasha; a record of his services, political reforms, banishment, and judicial murder",,Ali Haydar Mithat,Biography,$20.00,In,,
499,Othello,William,Shakespeare ,Drama,$20.00,In,,
500,The Pride of Jennico: Being a Memoir of Captain Basil Jennico,Egerton,Castle ,General & Literary Fiction,$20.00,In,,
501,Make Me An Offer,Con,Blomberg ,General & Literary Fiction,$20.00,In,,
502,People Soup,Alan,Arkin ,General & Literary Fiction,$20.00,In,,
503,"The Mantle, and Other Stories",Nikolai Vasilevich,Gogol ,Short Stories - Fiction,$20.00,In,,
504,Gorgias,,Plato,Politics & Government,$20.00,In,,
505,The Playboy of the Western World: A Comedy in Three Acts,J. M. (John Millington),Synge ,Drama,$20.00,In,,
506,Sea Legs,Frank,Quattrocchi ,General & Literary Fiction,$20.00,In,,
507,Phaedo,,Plato,Philosophy,$20.00,In,,
508,Der Tod in Venedig,Thomas,Mann ,General & Literary Fiction,$20.00,In,,
509,Our Mutual Friend,Charles,Dickens ,General & Literary Fiction,$20.00,In,,
510,The Spicy Sound of Success,Jim,Harmon ,General & Literary Fiction,$20.00,In,,
511,"Boy Scouts Handbook: The First Edition, 1911",America of,Boy Scouts of America,Non-fiction,$20.00,In,,
512,The Ethics of Aristotle,,Aristotle,Ethics,$20.00,In,,
513,The Great God Pan,Arthur,Machen ,General & Literary Fiction,$20.00,In,,
514,The Writings of Thomas Paine â€” Volume 4 (1794-1796): The Age of Reason,Thomas,Paine ,Philosophy,$20.00,In,,
515,"The Works of the Right Honourable Edmund Burke, Vol. 01 (of 12)",Edmund,Burke ,Politics & Government,$20.00,In,,
516,Pragmatism: A New Name for Some Old Ways of Thinking,William,James ,Philosophy,$20.00,In,,
517,Angel's Egg,Edgar,Pangborn ,General & Literary Fiction,$20.00,In,,
518,The Man Who Was Thursday: A Nightmare,G. K. (Gilbert Keith),Chesterton ,Short Stories - Fiction,$20.00,In,,
519,A Woman of No Importance,Oscar,Wilde ,Drama,$20.00,In,,
520,The History of Herodotus â€” Volume 1,,Herodotus,History,$20.00,In,,
521,Arms and the Man,Bernard,Shaw ,Drama,$20.00,In,,
522,The Republic,,Plato,Politics & Government,$20.00,In,,
523,"Plays by Anton Chekhov, Second Series",Anton Pavlovich,Chekhov ,Drama,$20.00,In,,
524,The Duchess of Malfi,John,Webster ,Drama,$20.00,In,,
525,"Submarines, Mines and Torpedoes in the War",Charles Charles William,Domville-Fife ,History,$20.00,In,,
526,Survival Type,Jesse F. (Jesse Franklin),Bone ,Science,$20.00,In,,
527,A Touch of E Flat,Joe,Gibson ,General & Literary Fiction,$20.00,In,,
528,Fresh Air Fiend,Kris,Neville ,General & Literary Fiction,$20.00,In,,
529,The Eyes Have It,Philip K.,Dick ,Short Stories - Fiction,$20.00,In,,
530,King Solomon's Mines,H. Rider (Henry Rider),Haggard ,General & Literary Fiction,$20.00,In,,
531,Beyond the Door,Philip K.,Dick ,Fantasy,$20.00,In,,
532,"What Men Live By, and Other Tales",graf Leo,Tolstoy ,General & Literary Fiction,$20.00,In,,
533,Der Struwwelpeter: oder lustige Geschichten und drollige Bilder,Heinrich,Hoffmann ,Poetry,$20.00,In,,
534,The Aesop for Children: With pictures by Milo Winter,,Aesop,Short Stories - Fiction,$20.00,In,,
535,The Possessed (The Devils),Fyodor,Dostoyevsky ,General & Literary Fiction,$20.00,In,,
536,The Fairy Tales of Charles Perrault,Charles,Perrault ,Fairy Tales,$20.00,In,,
537,The Secret Garden,Frances Hodgson,Burnett ,General & Literary Fiction,$20.00,In,,
538,"The National Geographic Magazine, Vol. II., No. 2, May, 1890",,Various,Non-fiction,$20.00,In,,
539,"The Journals of Lewis and Clark, 1804-1806",William,Clark ,History,$20.00,In,,
540,An Enquiry Concerning the Principles of Morals,David,Hume ,Ethics,$20.00,In,,
541,The Iron Heel,Jack,London ,General & Literary Fiction,$20.00,In,,
542,A Journal of the Plague Year: Written by a Citizen Who Continued All the While in London,Daniel,Defoe ,General & Literary Fiction,$20.00,In,,
543,Bede's Ecclesiastical History of England,,Bede ,Religion,$20.00,In,,
544,As a Man Thinketh,James,Allen ,Philosophy,$20.00,In,,
545,Inside Earth,Poul,Anderson ,Science,$20.00,In,,
546,"Bushido, the Soul of Japan",Inazo,Nitobe ,Philosophy,$20.00,In,,
547,The Red Room,H. G. (Herbert George),Wells ,Short stories - Fiction,$20.00,In,,
548,The Blue Fairy Book,Andrew,Lang ,Fairy tales,$20.00,In,,
549,Citizen Jell,Michael,Shaara ,General & Literary Fiction,$20.00,In,,
550,Nationalism,Rabindranath,Tagore ,Politics & Government,$20.00,In,,
551,Anne of the Island,L. M. (Lucy Maud),Montgomery ,General & Literary Fiction,$20.00,In,,
552,Villette,Charlotte,Bronte ,General & Literary Fiction,$20.00,In,,
553,The Poetical Works of William Wordsworth â€” Volume 3,William William,Wordsworth ,Poetry,$20.00,In,,
554,The Mysterious Island,Jules,Verne ,General & Literary Fiction,$20.00,In,,
555,The Canterville Ghost,Oscar,Wilde ,General & Literary Fiction,$20.00,In,,
556,Prime Difference,Alan Edward,Nourse ,General & Literary Fiction,$20.00,In,,
557,Adventures of Sherlock Holmes: Illustrated,Arthur Conan,Doyle ,General & Literary Fiction,$20.00,In,,
558,The Man in the Iron Mask,Alexandre,Dumas ,General & Literary Fiction,$20.00,In,,
559,Poems and Songs of Robert Burns,Robert,Burns ,Poetry,$20.00,In,,
560,Man in a Quandary,Joseph,Wesley ,General & Literary Fiction,$20.00,In,,
561,"Opticks: Or, A Treatise of the Reflections, Refractions, Inflections, and Colours of Light",,Newton ,Literature -- Collections,$20.00,In,,
562,The Gilded Age: A Tale of Today,Mark Mark,Twain ,General & Literary Fiction,$20.00,In,,
563,Memoirs of Extraordinary Popular Delusions and the Madness of Crowds,Charles Charles,Mackay ,Literature -- Collections,$20.00,In,,
564,The House of the Seven Gables,Nathaniel,Hawthorne ,General & Literary Fiction,$20.00,In,,
565,Simple Sabotage Field Manual,,United States. Office of Strategic Services,Manual,$20.00,In,,
566,"Life in the Iron-Mills; Or, The Korl Woman",Rebecca Harding,Davis ,General & Literary Fiction,$20.00,In,,
567,Time In the Round,Fritz,Leiber ,General & Literary Fiction,$20.00,In,,
568,Anne of Avonlea,L. M. (Lucy Maud),Montgomery ,General & Literary Fiction,$20.00,In,,
569,Japanese Fairy Tales,Yei Theodora,Ozaki ,Fairy Tales,$20.00,In,,
570,The Monk: A Romance,M. G. (Matthew Gregory),Lewis ,General & Literary Fiction,$20.00,In,,
571,Indian Fairy Tales,,Unknown,Fairy Tales,$20.00,In,,
572,"Historia de Venezuela, Tomo I",,"Aguado, Pedro de, active 16th century",History,$20.00,In,,
573,Public School Life: Boys Masters Parents,Alec Alec,Waugh ,Philosophy,$20.00,In,,
574,The Campaign in Russian Poland,Percy Cross,Standing ,History,$20.00,In,,
575,Also sprach Zarathustra: Ein Buch fÃ¼r Alle und Keinen,Friedrich Wilhelm,Nietzsche ,Philosophy,$20.00,In,,
576,Double Standard,Alfred,Coppel ,General & Literary Fiction,$20.00,In,,
577,The Red Record: Tabulated Statistics and Alleged Causes of Lynching in the United States,Ida Ida B.,Wells-Barnett ,History,$20.00,In,,
578,The Elementary Forms of the Religious Life,Emile,Durkheim ,Religion,$20.00,In,,
579,The Works of Edgar Allan Poe â€” Volume 5,Edgar Allan Edgar,Poe ,Fantasy,$20.00,In,,
580,Paradise Lost,John,Milton ,Poetry,$20.00,In,,
581,On the Sublime,1st cent.,Longinus ,General & Literary Fiction,$20.00,In,,
582,Break a Leg,Jim,Harmon ,General & Literary Fiction,$20.00,In,,
583,The Grand Inquisitor,Fyodor,Dostoyevsky ,General & Literary Fiction,$20.00,In,,
584,"Woodwork Joints: How they are Set Out, How Made and Where Used.",William,Fairham ,Non-fiction,$20.00,In,,
585,To The Fore With the Tanks!,Percy F. (Percy Francis),Westerman ,History,$20.00,In,,
586,Memories of the Kaiser's Court,Anne,Topham ,General & Literary Fiction,$20.00,In,,
587,I Am A Nucleus,Stephen,Barr ,Science,$20.00,In,,
588,Turkey; the Awakening of Turkey; the Turkish Revolution of 1908,E. F. (Edward Frederick),Knight ,History,$20.00,In,,
589,Not a Creature Was Stirring,Dean,Evans ,General & Literary Fiction,$20.00,In,,
590,My Life and Work,Henry,Ford ,Biography,$20.00,In,,
591,Siddhartha: eine indische Dichtung,Hermann,Hesse ,Philosophy,$20.00,In,,
592,The Portrait of a Lady â€” Volume 1,Henry,James ,General & Literary Fiction,$20.00,In,,
593,Lord of the World,Robert Hugh,Benson ,General & Literary Fiction,$20.00,In,,
594,Nature,Ralph Waldo,Emerson ,Philosophy,$20.00,In,,
595,Fundamental Principles of the Metaphysic of Morals,Immanuel,Kant ,Philosophy,$20.00,In,,
596,The Shunned House,H. P. (Howard Phillips),Lovecraft ,General & Literary Fiction,$20.00,In,,
597,Up from Slavery: An Autobiography,Booker T.,Washington ,Biography,$20.00,In,,
598,"The Memoirs of Jacques Casanova de Seingalt, 1725-1798. Complete",Giacomo Giacomo,Casanova ,Biography,$20.00,In,,
599,A Tramp Abroad,Mark,Twain ,General & Literary Fiction,$20.00,In,,
600,Letters of Pliny,the Younger,Pliny ,Literature -- Collections,$20.00,In,,
601,Helps to Latin Translation at Sight,Edmund,Luce ,Language,$20.00,In,,
602,Erotica Romana,Johann Wolfgang von,Goethe ,Poetry,$20.00,In,,
603,Voyage to Far N'jurd,Kris,Neville ,General & Literary Fiction,$20.00,In,,
604,"History of Tom Jones, a Foundling",Henry,Fielding ,General & Literary Fiction,$20.00,In,,
605,Micrographia: Some Physiological Descriptions of Minute Bodies Made by Magnifying Glasses with Observations and Inquiries Thereupon,Robert,Hooke ,Science,$20.00,In,,
606,...So They Baked a Cake,Winston K.,Marks ,General & Literary Fiction,$20.00,In,,
607,Little Dorrit,Charles,Dickens ,General & Literary Fiction,$20.00,In,,
608,The Railway Children,E. (Edith),Nesbit ,General & Literary Fiction,$20.00,In,,
609,The Beast in the Jungle,Henry,James ,General & Literary Fiction,$20.00,In,,
610,The Autobiography of Benjamin Franklin,Benjamin,Franklin ,Biography,$20.00,In,,
611,Politics: A Treatise on Government,,Aristotle,Politics & Government,$20.00,In,,
612,Little Black Sambo,Helen,Bannerman ,Juvenile fiction,$20.00,In,,
613,"The Metamorphoses of Ovid, Books I-VII",,Ovid,Mythology,$20.00,In,,
614,Reflections; or Sentences and Moral Maxims,Francois duc de,La Rochefoucauld ,Language,$20.00,In,,
615,The Man That Corrupted Hadleyburg,Mark,Twain ,General & Literary Fiction,$20.00,In,,
616,The Anglo-Saxon Chronicle,,Unknown,History,$20.00,In,,
617,Amusements in Mathematics,Henry Ernest,Dudeney ,Non-fiction,$20.00,In,,
618,The Travels of Marco Polo â€” Volume 1,,Rustichello of Pisa,History,$20.00,In,,
619,Herland,Charlotte Perkins,Gilman ,General & Literary Fiction,$20.00,In,,
620,Etiquette,Emily,Post ,Etiquette,$20.00,In,,
621,Darkwater: Voices from Within the Veil,W. E. B. (William Edward Burghardt),Du Bois ,History,$20.00,In,,
622,Poems Every Child Should Know: The What-Every-Child-Should-Know-Library,,Unknown,Poetry,$20.00,In,,
623,"The History of the Highland Clearances: Second Edition, Altered and Revised",Alexander,Mackenzie ,History,$20.00,In,,
624,"Prisoner of the Mill: or, Captain Hayward's ""Body Guard""",Harry Harry,Hazelton ,History,$20.00,In,,
625,Lex,W. T.,Haggert ,General & Literary Fiction,$20.00,In,,
626,"The RÃ¡mÃ¡yan of VÃ¡lmÃ­ki, translated into English verse",,Valmiki,Poetry,$20.00,In,,
627,"Human, All Too Human: A Book for Free Spirits",Friedrich Wilhelm,Nietzsche ,Science,$20.00,In,,
628,The Girls From Earth,Frank M.,Robinson ,General & Literary Fiction,$20.00,In,,
629,Father Goriot,Honore de,Balzac ,General & Literary Fiction,$20.00,In,,
630,Le Morte d'Arthur: Volume 2,,Malory ,Literature -- Collections,$20.00,In,,
631,The Analysis of Mind,Bertrand,Russell ,Science,$20.00,In,,
632,The Power of Mesmerism: A Highly Erotic Narrative of Voluptuous Facts and Fancies,,Anonymous,Love & Sex,$20.00,In,,
633,No Substitutions,Jim,Harmon ,General & Literary Fiction,$20.00,In,,
634,Growing Up On Big Muddy,Charles V. (Charles Vincent),De Vet ,General & Literary Fiction,$20.00,In,,
635,Omens and Superstitions of Southern India,Edgar,Thurston ,Folklore,$20.00,In,,
636,Lady Windermere's Fan,Oscar,Wilde ,Drama,$20.00,In,,
637,Shakespeare's Sonnets,William,Shakespeare ,Poetry,$20.00,In,,
638,"The Mentor: The Metropolitan Museum of Art, Vol. 6, Num. 9, Serial No. 157, June 15, 1918",Sydney P.,Noe ,Science,$20.00,In,,
639,Tender Buttons: Objectsâ€”Foodâ€”Rooms,Gertrude,Stein ,Poetry,$20.00,In,,
640,"The Underground Railroad: A Record of Facts, Authentic Narratives, Letters, &c., Narrating the Hardships, Hair-Breadth Escapes and Death Struggles of the Slaves in Their Efforts for Freedom, As Related by Themselves and Others, or Witnessed by the Author.",William,Still ,Biography,$20.00,In,,
641,Nicholas Nickleby,Charles,Dickens ,General & Literary Fiction,$20.00,In,,
642,Jude the Obscure,Thomas,Hardy ,General & Literary Fiction,$20.00,In,,
643,Daddy-Long-Legs,Jean,Webster ,General & Literary Fiction,$20.00,In,,
644,The Tenant of Wildfell Hall,Anne,Bronte ,General & Literary Fiction,$20.00,In,,
645,"Fifteen Thousand Useful Phrases: A Practical Handbook Of Pertinent Expressions, Striking Similes, Literary, Commercial, Conversational, And Oratorical Terms, For The Embellishment Of Speech And Literature, And The Improvement Of The Vocabulary Of Those Persons Who Read, Write, And Speak English",Grenville,Kleiser ,Language,$20.00,In,,
646,Plain Living: A Bush Idyll,Rolf,Boldrewood ,General & Literary Fiction,$20.00,In,,
647,On the Duty of Civil Disobedience,Henry David,Thoreau ,Politics & Government,$20.00,In,,
648,The Man Who Would Be King,Rudyard Rudyard,Kipling ,General & Literary Fiction,$20.00,In,,
649,Orthodoxy,G. K. (Gilbert Keith),Chesterton ,Religion,$20.00,In,,
650,The Tragedy of Macbeth,William,Shakespeare ,Drama,$20.00,In,,
651,"Boswell's Life of Johnson: Abridged and edited, with an introduction by Charles Grosvenor Osgood",James,Boswell ,Biography,$20.00,In,,
652,License to Steal,Louis,Newman ,General & Literary Fiction,$20.00,In,,
653,"A Queen of Tears, vol. 1 of 2: Caroline Matilda, Queen of Denmark and Norway and Princess; of Great Britain and Ireland",W. H. (William Henry),Wilkins ,Literature -- Collections,$20.00,In,,
654,The Music Master of Babylon,Edgar,Pangborn ,General & Literary Fiction,$20.00,In,,
655,Sonnets from the Portuguese,Elizabeth Barrett,Browning ,Poetry,$20.00,In,,
656,Essays of Schopenhauer,Arthur,Schopenhauer ,Philosophy,$20.00,In,,
657,A Midsummer Night's Dream,William,Shakespeare ,Drama,$20.00,In,,
658,The Principles of Chemistry Volume I (of 2),Dmitry Ivanovich,Mendeleyev ,Science,$20.00,In,,
659,The Tragedy of Julius Caesar,William,Shakespeare ,Drama,$20.00,In,,
660,Grimm's Fairy Stories,Jacob,Grimm ,Fairy tales,$20.00,In,,
661,Memoirs of Napoleon Bonaparte â€” Complete,Louis Antoine Fauvelet de,Bourrienne ,Biography,$20.00,In,,
662,"The Influence of Sea Power Upon History, 1660-1783",A. T. (Alfred Thayer) A. T. (Alfred,Mahan ,History,$20.00,In,,
663,The Wendigo,Algernon,Blackwood ,General & Literary Fiction,$20.00,In,,
664,"Swenson, Dispatcher",R. DeWitt,Miller ,General & Literary Fiction,$20.00,In,,
665,A Dog Day: or The Angel in the House,Walter Walter,Emanuel ,General & Literary Fiction,$20.00,In,,
666,In Praise of Folly: Illustrated with Many Curious Cuts,Desiderius,Erasmus ,Literature -- Collections,$20.00,In,,
667,Cautionary Tales for Children,Hilaire,Belloc ,Poetry,$20.00,In,,
668,Cookery and Dining in Imperial Rome,,Apicius,Cooking  ,$20.00,In,,
669,Famous Modern Ghost Stories,,Unknown,Short stories - Fiction,$20.00,In,,
670,The Book of Household Management,Mrs. (Isabella Mary),Beeton ,Cooking,$20.00,In,,
671,The Economic Consequences of the Peace,John Maynard,Keynes ,History,$20.00,In,,
672,"A General History of the Pyrates:: from their first rise and settlement in the island of Providence, to the present time",Daniel,Defoe ,Literature -- Collections,$20.00,In,,
673,Stories from The Arabian Nights,Laurence,Housman ,Short stories - Fiction,$20.00,In,,
674,The Story of Doctor Dolittle,Hugh,Lofting ,Juvenile fiction,$20.00,In,,
675,"Manners, Customs, and Dress During the Middle Ages and During the Renaissance Period",P. L.,Jacob ,History,$20.00,In,,
676,"Cicero's Tusculan Disputations: Also, Treatises On The Nature Of The Gods, And On The Commonwealth",Marcus Tullius,Cicero ,Politics & Government,$20.00,In,,
677,The Complete Plays of Gilbert and Sullivan,W. S. (William Schwenck),Gilbert ,Operas -- Librettos,$20.00,In,,
678,Sir Gawayne and the Green Knight: An Alliterative Romance-Poem (c. 1360 A.D.),,Unknown,Poetry,$20.00,In,,
679,The Book of the Thousand Nights and a Night â€” Volume 01,,Unknown,Fairy Tales,$20.00,In,,
680,Composition,Arthur Wesley,Dow ,Language,$20.00,In,,
681,The Ballad of the White Horse,G. K. (Gilbert Keith),Chesterton ,Poetry,$20.00,In,,
682,Phaedra,Jean,Racine ,Drama,$20.00,In,,
683,Man of Distinction,Michael,Shaara ,General & Literary Fiction,$20.00,In,,
684,The Mill on the Floss,George,Eliot ,General & Literary Fiction,$20.00,In,,
685,Lord Jim,Joseph,Conrad ,General & Literary Fiction,$20.00,In,,
686,The Piazza Tales,Herman,Melville ,Short stories - Fiction,$20.00,In,,
687,A Treatise on Painting,da Vinci,"Leonardo, da Vinci",Drawing,$20.00,In,,
688,A Christmas Carol,Charles,Dickens ,General & Literary Fiction,$20.00,In,,
689,A Shropshire Lad,A. E. (Alfred Edward),Housman ,Poetry,$20.00,In,,
690,"The Will to Believe, and Other Essays in Popular Philosophy",William,James ,Philosophy,$20.00,In,,
691,Love and Freindship [sic],Jane,Austen ,Literature -- Collections,$20.00,In,,
692,Slaveholding: Weighed in the Balance of Truth,Charles,Fitch ,History,$20.00,In,,
693,Oedipus King of Thebes: Translated into English Rhyming Verse with Explanatory Notes,,Sophocles,Drama,$20.00,In,,
694,Bullet With His Name,Fritz,Leiber ,General & Literary Fiction,$20.00,In,,
695,Emile,Jean-Jacques Jean Jacques,Rousseau ,Language,$20.00,In,,
696,Myths of the Norsemen: From the Eddas and Sagas,H. A. (Helene Adeline),Guerber ,Mythology,$20.00,In,,
697,The Golden Bough: A Study of Magic and Religion,James George,Frazer ,Mythology,$20.00,In,,
698,How the Other Half Lives: Studies Among the Tenements of New York,Jacob A. (Jacob August),Riis ,Science,$20.00,In,,
699,Romeo and Juliet,William,Shakespeare ,Drama,$20.00,In,,
700,Mark Twain's Speeches,Mark,Twain ,Literature -- Collections,$20.00,In,,
701,"The Man with Two Left Feet, and Other Stories",P. G. (Pelham Grenville),Wodehouse ,Short stories - Fiction,$20.00,In,,
702,MÃ¤rchen fÃ¼r Kinder,H. C. (Hans Christian),Andersen ,Fairy Tales,$20.00,In,,
703,Sense and Sensibility,Jane,Austen ,General & Literary Fiction,$20.00,In,,
704,Fairy Tales of Hans Christian Andersen,H. C. (Hans Christian),Andersen ,Fairy Tales,$20.00,In,,
705,Illustrated History of Furniture: From the Earliest to the Present Time,Frederick,Litchfield ,History,$20.00,In,,
706,End as a Hero,Keith,Laumer ,General & Literary Fiction,$20.00,In,,
707,Hafiz in London,14th cent.,Hafiz ,General & Literary Fiction,$20.00,In,,
708,The Gods of Mars,Edgar Rice,Burroughs ,General & Literary Fiction,$20.00,In,,
709,The Pencil of Nature,William Henry Fox,Talbot ,Photography,$20.00,In,,
710,My Own Story,Emmeline,Pankhurst ,Biography,$20.00,In,,
711,SalomÃ©: A Tragedy in One Act,Oscar Oscar,Wilde ,Drama,$20.00,In,,
712,An Advanced English Grammar with Exercises,Frank Edgar,Farley ,Language,$20.00,In,,
713,What is Posat?,Phyllis Sterling,Smith ,Language,$20.00,In,,
714,His Last Bow: An Epilogue of Sherlock Holmes,Arthur Conan,Doyle ,General & Literary Fiction,$20.00,In,,
715,Mysticism and Logic and Other Essays,Bertrand,Russell ,Literature -- Collections,$20.00,In,,
716,"The Memoirs of the Conquistador Bernal Diaz del Castillo, Vol 1 (of 2): Written by Himself Containing a True and Full Account of the Discovery and Conquest of Mexico and New Spain.",Bernal,Diaz del Castillo ,History,$20.00,In,,
717,The Dunwich Horror,H. P. (Howard Phillips),Lovecraft ,General & Literary Fiction,$20.00,In,,
718,Anabasis,,Xenophon,History,$20.00,In,,
719,"The Younger Edda; Also called Snorre's Edda, or The Prose Edda",,Snorri Sturluson,Mythology,$20.00,In,,
720,The Arabian Nights: Their Best-known Tales,,Unknown,Fairy Tales,$20.00,In,,
721,Dr. Montessori's Own Handbook,Maria,Montessori ,Education,$20.00,In,,
722,The Works of Edgar Allan Poe â€” Volume 4,Edgar Allan Edgar,Poe ,Short stories - Fiction,$20.00,In,,
723,The Mysteries of Udolpho,Ann Ward,Radcliffe ,General & Literary Fiction,$20.00,In,,
724,In the path of the alphabet: an historical account of the ancient beginnings and; evolution of the modern alphabet,Frances,Jermain ,History,$20.00,In,,
725,The Declaration of Independence of the United States of America,Thomas Thomas,Jefferson ,Politics & Government,$20.00,In,,
726,A Bad Day for Vermin,Keith,Laumer ,General & Literary Fiction,$20.00,In,,
727,Anne's House of Dreams,L. M. (Lucy Maud),Montgomery ,General & Literary Fiction,$20.00,In,,
728,"The Tribes and Castes of the Central Provinces of India, Volume 1",R. V. (Robert Vane),Russell ,Religion,$20.00,In,,
729,The Romance of Tristan and Iseult,Joseph,Bedier ,General & Literary Fiction,$20.00,In,,
730,"In Stahlgewittern, aus dem Tagebuch eines StoÃŸtruppfÃ¼hrers",Ernst Ernst,Junger ,History,$20.00,In,,
731,Lady Susan,Jane,Austen ,General & Literary Fiction,$20.00,In,,
732,The Return of the Native,Thomas,Hardy ,General & Literary Fiction,$20.00,In,,
733,Idylls of the King,,Tennyson ,Poetry,$20.00,In,,
734,Beowulf,,Unknown,Poetry,$20.00,In,,
735,Selected Sermons of Jonathan Edwards,Jonathan,Edwards ,Religion,$20.00,In,,
736,"Tartuffe; Or, The Hypocrite",,Moliere,Drama,$20.00,In,,
737,Beyond Lies the Wub,Philip K.,Dick ,Short stories - Fiction,$20.00,In,,
738,English Translations Of Works Of Emile Zola: An Index to the Project Gutenberg Works of Zola in English,Emile,Zola ,Literature -- Collections,$20.00,In,,
739,A Text-Book of the History of Painting,John Charles,Van Dyke ,History,$20.00,In,,
740,Tales of the Jazz Age,F. Scott (Francis Scott),Fitzgerald ,Short stories - Fiction,$20.00,In,,
741,Lady Audley's Secret,M. E. (Mary Elizabeth),Braddon ,General & Literary Fiction,$20.00,In,,
742,Far from the Madding Crowd,Thomas,Hardy ,General & Literary Fiction,$20.00,In,,
743,How to Live on 24 Hours a Day,Arnold,Bennett ,Philosophy,$20.00,In,,
744,The Tragedy of King Lear,William,Shakespeare ,Drama,$20.00,In,,
745,Myths of Babylonia and Assyria,Donald A. (Donald Alexander),Mackenzie ,Mythology,$20.00,In,,
746,Dead Souls,Nikolai Vasilevich,Gogol ,General & Literary Fiction,$20.00,In,,
747,"The Mahabharata of Krishna-Dwaipayana Vyasa, Volume 1: Books 1, 2 and 3",,Unknown,Literature -- Collections,$20.00,In,,
748,Doctor Thorne,Anthony,Trollope ,General & Literary Fiction,$20.00,In,,
749,Library of the World's Best Mystery and Detective Stories,,Unknown,Short stories - Fiction,$20.00,In,,
750,"Mechanical Drawing Self-Taught: Comprising instructions in the selection and preparation of drawing instruments, elementary instruction in practical mechanical drawing; together with examples in simple geometry and elementary mechanism, including screw threads, gear wheels, mechanical motions, engines and boilers",Joshua,Rose ,Drawing,$20.00,In,,
751,The Return of Sherlock Holmes,Arthur Conan,Doyle ,General & Literary Fiction,$20.00,In,,
752,Dombey and Son,Charles,Dickens ,General & Literary Fiction,$20.00,In,,
753,"History of Egypt, Chaldea, Syria, Babylonia, and Assyria in the Light of Recent Discovery",L. W. (Leonard William),King ,History,$20.00,In,,
754,"The Tao Teh King, or the Tao and its Characteristics",,Laozi,Philosophy,$20.00,In,,
755,Alice's Abenteuer im Wunderland,Lewis,Carroll ,Fantasy,$20.00,In,,
756,The Variable Man,Philip K.,Dick ,General & Literary Fiction,$20.00,In,,
757,Pen Pal,Stephen,Marlowe ,Drama,$20.00,In,,
758,Warlord of Mars,Edgar Rice,Burroughs ,General & Literary Fiction,$20.00,In,,
759,Household Stories by the Brothers Grimm,Wilhelm,Grimm ,Fairy Tales,$20.00,In,,
760,"How to Tell a Story, and Other Essays",Mark,Twain ,Literature -- Collections,$20.00,In,,
761,My Strange Rescue: and other stories of Sport and Adventure in Canada,J. Macdonald (James Macdonald) J. Macdonald (James,Oxley ,Short stories - Fiction,$20.00,In,,
762,English Synonyms and Antonyms: With Notes on the Correct Use of Prepositions,James Champlin,Fernald ,Language,$20.00,In,,
763,The Big Trip Up Yonder,Kurt,Vonnegut ,Short stories - Fiction,$20.00,In,,
764,The Ways of the Planets,Martha Evans,Martin ,Science,$20.00,In,,
765,"Gutenberg, and the Art of Printing",Emily Clemens,Pearson ,Painting,$20.00,In,,
766,"The Life and Amours of the Beautiful, Gay and Dashing Kate Percival: The Belle of the Delaware",Kate,Percival ,Love & Sex,$20.00,In,,
767,Meno,,Plato,Literature -- Collections,$20.00,In,,
768,Das Unheimliche,Sigmund,Freud ,Science,$20.00,In,,
769,The Art of Public Speaking,J. Berg (Joseph Berg),Esenwein ,Public speaking,$20.00,In,,
770,Laughter: An Essay on the Meaning of the Comic,Henri,Bergson ,Philosophy,$20.00,In,,
771,"The History of Rome, Books 01 to 08",,Livy,History,$20.00,In,,
772,"Looking Backward, 2000 to 1887",Edward,Bellamy ,General & Literary Fiction,$20.00,In,,
773,The Art Of Writing & Speaking The English Language: Word-Study and Composition & Rhetoric,Sherwin,Cody ,Language,$20.00,In,,
774,Heidi: (Gift Edition),Johanna,Spyri ,General & Literary Fiction,$20.00,In,,
775,New Atlantis,Francis,Bacon ,Philososphy,$20.00,In,,
776,The Fortunes and Misfortunes of the Famous Moll Flanders,Daniel Daniel,Defoe ,General & Literary Fiction,$20.00,In,,
777,"Apology, Crito, and Phaedo of Socrates",,Plato,Philosophy,$20.00,In,,
778,The School for Scandal,Richard Brinsley,Sheridan ,Drama,$20.00,In,,
779,The Letters of Wolfgang Amadeus Mozart â€” Volume 01,Wolfgang Amadeus Wolfgang,Mozart ,Literature -- Collections,$20.00,In,,
780,"The Art of Money Getting; Or, Golden Rules for Making Money",P. T. (Phineas Taylor),Barnum ,Business,$20.00,In,,
781,"An Essay Concerning Humane Understanding, Volume 1: MDCXC, Based on the 2nd Edition, Books 1 and 2",John,Locke ,Literature -- Collections,$20.00,In,,
782,Four Arthurian Romances,,"Chretien, de Troyes, active 12th century",General & Literary Fiction,$20.00,In,,
783,"The Mentor: The Incas, vol. 6, num. 3, Serial No. 151, March 15, 1918",Osgood,Hardy ,Literature -- Collections,$20.00,In,,
784,Twice Told Tales,Nathaniel,Hawthorne ,Short stories - Fiction,$20.00,In,,
785,Sex-linked Inheritance in Drosophila,Calvin B. (Calvin Blackman),Bridges ,Love & Sex,$20.00,In,,
786,"Slave Narratives: A Folk History of Slavery in the United States From Interviews with Former Slaves: Volume I, Alabama Narratives",,United States. Work Projects Administration,Biography,$20.00,In,,
787,How We Think,John,Dewey ,Psychology,$20.00,In,,
788,The Arabian Nights Entertainments,,Anonymous,Fairy Tales,$20.00,In,,
789,Nostromo: A Tale of the Seaboard,Joseph,Conrad ,General & Literary Fiction,$20.00,In,,
790,"The Business, As Usual",Jack,Sharkey ,Business,$20.00,In,,
791,McTeague: A Story of San Francisco,Frank Frank,Norris ,General & Literary Fiction,$20.00,In,,
792,The Taming of the Shrew,William,Shakespeare ,Drama,$20.00,In,,
793,Sons and Lovers,D. H. (David Herbert),Lawrence ,General & Literary Fiction,$20.00,In,,
794,"A Brief Account of the Destruction of the Indies: Or, a faithful NARRATIVE OF THE Horrid and Unexampled Massacres, Butcheries, and all manner of Cruelties, that Hell and Malice could invent, committed by the Popish Spanish Party on the inhabitants of West-India, TOGETHER With the Devastations of several Kingdoms in America by Fire and Sword, for the space of Forty and Two Years, from the time of its first Discovery by them.",Bartolome de las,Casas ,History,$20.00,In,,
795,The Seven Lamps of Architecture,John,Ruskin ,Architecture,$20.00,In,,
796,"The History of Don Quixote, Volume 2, Complete",Miguel de Miguel,Cervantes Saavedra ,Literature -- Collections,$20.00,In,,
797,Les misÃ©rables Tome I: Fantine,Victor,Hugo ,General & Literary Fiction,$20.00,In,,
798,Jesus the Christ: A Study of the Messiah and His Mission According to Holy; Scriptures Both Ancient and Modern,James E. (James Edward),Talmage ,Religion,$20.00,In,,
799,Considerations on Representative Government,John Stuart,Mill ,Politics & Government,$20.00,In,,
800,Following the Equator: A Journey Around the World,Mark Mark,Twain ,Travel,$20.00,In,,
801,The Sea-Wolf,Jack,London ,General & Literary Fiction,$20.00,In,,
802,Babbitt,Sinclair,Lewis ,General & Literary Fiction,$20.00,In,,
803,The Last Man,Mary Wollstonecraft,Shelley ,General & Literary Fiction,$20.00,In,,
804,The Wind in the Willows,Kenneth,Grahame ,General & Literary Fiction,$20.00,In,,
805,The Hand Phrenologically Considered: Being a Glimpse at the Relation of the Mind with the Organisation of the Body,,Anonymous,Science,$20.00,In,,
806,"Human, All-Too-Human: A Book For Free Spirits; Part II",Friedrich Wilhelm,Nietzsche ,Science,$20.00,In,,
807,"Frankenstein; Or, The Modern Prometheus",Mary Wollstonecraft,Shelley ,General & Literary Fiction,$20.00,In,,
808,The Oxford Book of American Essays,,Unknown,Literature -- Collections,$20.00,In,,
809,Memoirs of General William T. Sherman â€” Complete,William T. (William Tecumseh) William T. (William,Sherman ,Biography,$20.00,In,,
810,The Merry Adventures of Robin Hood,Howard,Pyle ,General & Literary Fiction,$20.00,In,,
811,Dr. Elsie Inglis,Lady Frances,Balfour ,General & Literary Fiction,$20.00,In,,
812,The Tenniel Illustrations for Carroll's Alice in Wonderland,John John,Tenniel ,Short stories - Fiction,$20.00,In,,
813,"Principles Of Political Economy: Abridged with Critical, Bibliographical, and Explanatory Notes, and a Sketch of the History of Political Economy",John Stuart,Mill ,Economics,$20.00,In,,
814,"The Mysteries of London, v. 2/4",George W. M. (George William MacArthur),Reynolds ,History,$20.00,In,,
815,All Things Considered,G. K. (Gilbert Keith),Chesterton ,Literature -- Collections,$20.00,In,,
816,The Iliads of Homer: Translated according to the Greek,,Homer,Poetry,$20.00,In,,
817,Le roman de la rose - Tome I,,"Guillaume, de Lorris, active 1230",Poetry,$20.00,In,,
818,The Merchant of Venice,William,Shakespeare ,Drama,$20.00,In,,
819,All About Coffee,William H. (William Harrison),Ukers ,Business,$20.00,In,,
820,LÃ -bas,J.-K. (Joris-Karl),Huysmans ,Love & Sex,$20.00,In,,
821,A Husband for My Wife,William W.,Stuart ,General & Literary Fiction,$20.00,In,,
822,The Way of the World,William,Congreve ,Drama,$20.00,In,,
823,English Coins and Tokens: With A Chapter on Greek and Roman Coins,Llewellynn Frederick William,Jewitt ,History,$20.00,In,,
824,The Forsyte Saga - Complete,John,Galsworthy ,General & Literary Fiction,$20.00,In,,
825,The Sleeping Beauty and other fairy tales,Charles,Perrault ,Fairy Tales,$20.00,In,,
826,The Willows,Algernon,Blackwood ,General & Literary Fiction,$20.00,In,,
827,In Bad Company and other stories,Rolf,Boldrewood ,Short stories - Fiction,$20.00,In,,
828,The Birth of Tragedy: or Hellenism and Pessimism,Friedrich Wilhelm,Nietzsche ,History,$20.00,In,,
829,The Jew of Malta,Christopher,Marlowe ,Drama,$20.00,In,,
830,The House on the Borderland,William Hope,Hodgson ,Science Fiction,$20.00,In,,
831,Major Barbara,Bernard,Shaw ,Drama,$20.00,In,,
832,The Song of Roland,,Unknown,Poetry,$20.00,In,,
833,Life Is a Dream,Pedro,Calderon de la Barca ,Drama,$20.00,In,,
834,The Game of Logic,Lewis,Carroll ,Juvenile fiction,$20.00,In,,
835,The Marvelous Land of Oz,L. Frank (Lyman Frank),Baum ,Fantasy,$20.00,In,,
836,The Wisdom of Father Brown,G. K. (Gilbert Keith),Chesterton ,General & Literary Fiction,$20.00,In,,
837,Cawnpore,George Otto,Trevelyan ,General & Literary Fiction,$20.00,In,,
838,Astounding Stories of Super-Science January 1930,,Unknown,Science Fiction,$20.00,In,,
839,Nice Girl With 5 Husbands,Fritz,Leiber ,General & Literary Fiction,$20.00,In,,
840,A First Spanish Reader,Erwin W. (Erwin William),Roessler ,Language,$20.00,In,,
841,"The Essays of ""George Eliot"": Complete",George,Eliot ,Literature -- Collections,$20.00,In,,
842,"De Nederlandsche Geslachtsnamen in Oorsprong, Geschiedenis en Beteekenis",Johan Johan,Winkler ,Names,$20.00,In,,
843,American Fairy Tales,L. Frank (Lyman Frank),Baum ,Fairy Tales,$20.00,In,,
844,The Social Contract & Discourses,Jean-Jacques Jean Jacques,Rousseau ,Philosophy,$20.00,In,,
845,Home Geography for Primary Grades,C. C.,Long ,Geography,$20.00,In,,
846,BahnwÃ¤rter Thiel,Gerhart,Hauptmann ,General & Literary Fiction,$20.00,In,,
847,Phaedrus,,Plato,Literature -- Collections,$20.00,In,,
848,Ibrahim Pasha: Grand Vizir of Suleiman the Magnificent,Hester Donaldson Hester,Jenkins ,General & Literary Fiction,$20.00,In,,
849,Pollyanna,Eleanor H. (Eleanor Hodgman),Porter ,Juvenile fiction,$20.00,In,,
850,"The Letters of Cicero, Volume 1: The Whole Extant Correspodence in Chronological Order",Marcus Tullius,Cicero ,Literature -- Collections,$20.00,In,,
851,The Good Soldier,Ford Madox,Ford ,General & Literary Fiction,$20.00,In,,
852,The Practice of the Presence of God,,"Lawrence, of the Resurrection, Brother",Religion,$20.00,In,,
853,The Old Curiosity Shop,Charles,Dickens ,General & Literary Fiction,$20.00,In,,
854,Man and Superman: A Comedy and a Philosophy,Bernard,Shaw ,Drama,$20.00,In,,
855,Moral Equivalent,Kris,Neville ,Philosophy,$20.00,In,,
856,Ibong Adarna: Corrido at Buhay na Pinagdaanan nang tatlong Principeng Magcacapatid na Anac nang Haring Fernando at nang Reina Valeriana sa Cahariang Berbania,,Anonymous,Folklore,$20.00,In,,
857,Madame Bovary,Gustave,Flaubert ,General & Literary Fiction,$20.00,In,,
858,"The Anabasis of Alexander: or, The History of the Wars and Conquests of Alexander the Great",Arrian of,Nicomedia ,History,$20.00,In,,
859,The Princess and the Goblin,George,MacDonald ,Juvenile fiction,$20.00,In,,
860,The Odyssey,,Homer,Poetry,$20.00,In,,
861,That Which Hath Wings,Richard,Dehan ,General & Literary Fiction,$20.00,In,,
862,Spoon River Anthology,Edgar Lee,Masters ,Poetry,$20.00,In,,
863,Stories from Tagore,Rabindranath,Tagore ,Short stories - Fiction,$20.00,In,,
864,"The Divine Comedy by Dante, Illustrated, Purgatory, Complete",,Dante Alighieri,Poetry,$20.00,In,,
865,"Cicero: Letters to Atticus, Volume III (of 3)",Marcus Tullius,Cicero ,Literature -- Collections,$20.00,In,,
866,"McGuffey's First Eclectic Reader, Revised Edition",William Holmes,McGuffey ,Readers,$20.00,In,,
867,Hawaiian Folk Tales: A Collection of Native Legends,,Unknown,Folklore,$20.00,In,,
868,The Second Jungle Book,Rudyard,Kipling ,General & Literary Fiction,$20.00,In,,
869,The Hound of the Baskervilles,Arthur Conan,Doyle ,General & Literary Fiction,$20.00,In,,
870,Plutarch: Lives of the noble Grecians and Romans,,Plutarch,Biography,$20.00,In,,
871,The Story of the Three Little Pigs,L. Leslie (Leonard Leslie),Brooke ,Fairy tales,$20.00,In,,
872,The Crowd: A Study of the Popular Mind,Gustave Gustave,Le Bon ,Science,$20.00,In,,
873,The Cool War,Andrew,Fetler ,History,$20.00,In,,
874,The Iliad of Homer: Translated into English Blank Verse by William Cowper,,Homer,Poetry,$20.00,In,,
875,The Imitation of Christ,a Kempis,Thomas ,Religion,$20.00,In,,
876,Fifty Famous Stories Retold,James,Baldwin ,Folklore,$20.00,In,,
877,"""Everyman,"" with other interludes, including eight miracle plays",,Unknown,Drama,$20.00,In,,
878,The Fight Against Lynching: Anti-Lynching Work of the National Association for the Advancement of Colored People for the Year Nineteen Eighteen,,Anonymous,History,$20.00,In,,
879,The Boy Mechanic: Volume 1: 700 Things for Boys to Do,,Popular Mechanics Company,Handicraft for boys,$20.00,In,,
880,The Lock and Key Library: Classic Mystery and Detective Stories: Modern English,,Unknown,Short stories - Fiction,$20.00,In,,
881,"Motor Matt's Reverse: or, Caught in a Losing Cause",Stanley R. Stanley,Matthews ,General & Literary Fiction,$20.00,In,,
882,"White Nights and Other Stories: The Novels of Fyodor Dostoevsky, Volume X",Fyodor,Dostoyevsky ,General & Literary Fiction,$20.00,In,,
883,The Satyricon â€” Volume 02: Dinner of Trimalchio,,Petronius Arbiter,General & Literary Fiction,$20.00,In,,
884,Hunt the Hunter,Kris,Neville ,General & Literary Fiction,$20.00,In,,
885,The Complete Project Gutenberg Works of Jane Austen: A Linked Index of all PG Editions of Jane Austen,Jane,Austen ,General & Literary Fiction,$20.00,In,,
886,Poems,Rainer Maria,Rilke ,Poetry,$20.00,In,,
887,Advance Agent,Christopher,Anvil ,General & Literary Fiction,$20.00,In,,
888,The Life of Reason: The Phases of Human Progress,George,Santayana ,Philosophy,$20.00,In,,
889,Twenty Thousand Leagues Under the Seas: An Underwater Tour of the World,Jules,Verne ,Science Fiction,$20.00,In,,
890,Tamburlaine the Great â€” Part 1,Christopher,Marlowe ,Drama,$20.00,In,,
891,Symbolic Logic,Lewis,Carroll ,Science,$20.00,In,,
892,The Master Builder,Henrik,Ibsen ,Drama,$20.00,In,,
893,Poem Outlines,Sidney,Lanier ,Poetry,$20.00,In,,
894,The Expression of the Emotions in Man and Animals,Charles,Darwin ,Psychology,$20.00,In,,
895,A Doll's House,Henrik,Ibsen ,Drama,$20.00,In,,
896,Sartor Resartus: The Life and Opinions of Herr TeufelsdrÃ¶ckh,Thomas,Carlyle ,Short stories - Fiction,$20.00,In,,
897,An Old Babylonian Version of the Gilgamesh Epic,Albert Tobias Albert,Clay ,Poetry,$20.00,In,,
898,Autobiography of Andrew Carnegie,Andrew,Carnegie ,Biography,$20.00,In,,
899,The Beggar's Opera; to Which is Prefixed the Musick to Each Song,John,Gay ,Operas -- Librettos,$20.00,In,,
900,"The Elements of Drawing, in Three Letters to Beginners",John John,Ruskin ,Drawing,$20.00,In,,
901,The Virginian: A Horseman of the Plains,Owen,Wister ,General & Literary Fiction,$20.00,In,,
902,The Germany and the Agricola of Tacitus,Cornelius,Tacitus ,History,$20.00,In,,
903,Common Sense,Thomas,Paine ,Politics & Government,$20.00,In,,
904,"Letters to His Son, Complete: On the Fine Art of Becoming a Man of the World and a Gentleman",,"Chesterfield, Philip Dormer Stanhope, Earl of",Philosophy,$20.00,In,,
905,Chain Reaction,Boyd,Ellanby ,General & Literary Fiction,$20.00,In,,
906,The Border and the Buffalo: An Untold Story of the Southwest Plains,John R.,Cook ,History,$20.00,In,,
907,The Beautiful and Damned,F. Scott (Francis Scott),Fitzgerald ,General & Literary Fiction,$20.00,In,,
908,The Picture of Dorian Gray,Oscar,Wilde ,General & Literary Fiction,$20.00,In,,
909,"Franklin's Way to Wealth: or, 'Poor Richard Improved'",Benjamin Benjamin,Franklin ,Business,$20.00,In,,
910,The Gift of the Magi,O.,"Henry, O.",Short stories - Fiction,$20.00,In,,
911,1001 zadacha dlia umstvennogo scheta,Sergei Aleksandrovich,Rachinskii ,Math ,$20.00,In,,
912,The Golden Gems of Life: Gathered Jewels for the Home Circle,S. C.,Ferguson ,Philosophy,$20.00,In,,
913,Sordman the Protector,Tom,Purdom ,General & Literary Fiction,$20.00,In,,
914,Of Human Bondage,W. Somerset (William Somerset),Maugham ,General & Literary Fiction,$20.00,In,,
915,French Mediaeval Romances from the Lays of Marie de France,Queen of Rumania Queen of,Marie ,General & Literary Fiction,$20.00,In,,
916,Against the Grain,J.-K. (Joris-Karl),Huysmans ,General & Literary Fiction,$20.00,In,,
917,Browning's Shorter Poems,Robert,Browning ,Poetry,$20.00,In,,
918,Mr. Spaceship,Philip K.,Dick ,Science Fiction,$20.00,In,,
919,Ambition,William L.,Bade ,General & Literary Fiction,$20.00,In,,
920,Captain Blood,Rafael,Sabatini ,General & Literary Fiction,$20.00,In,,
921,Jane's All the World's Aircraft. 1913,,Unknown,Science,$20.00,In,,
922,"""1812"" Napoleon I in Russia",Vasilii Vasilevich,Vereshchagin ,History,$20.00,In,,
923,The Voyage of the Beagle,Charles,Darwin ,History,$20.00,In,,
924,Howards End,E. M. (Edward Morgan),Forster ,General & Literary Fiction,$20.00,In,,
925,Modern Essays,,Unknown,Literature -- Collections,$20.00,In,,
926,"The Essays or Counsels, Civil and Moral",Francis,Bacon ,Literature -- Collections,$20.00,In,,
927,The Sketch-Book of Geoffrey Crayon,Washington,Irving ,History,$20.00,In,,
928,What's Wrong with the World,G. K. (Gilbert Keith),Chesterton ,Sociology,$20.00,In,,
929,"Fox's Book of Martyrs: Or A History of the Lives, Sufferings, and Triumphant; Deaths of the Primitive Protestant Martyrs",John,Foxe ,Religion,$20.00,In,,
930,"Hamlet, Prince of Denmark",William,Shakespeare ,Drama,$20.00,In,,
931,The Night Land,William Hope,Hodgson ,Science fiction,$20.00,In,,
932,Three Ghost Stories,Charles,Dickens ,General & Literary Fiction,$20.00,In,,
933,The Skull,Philip K.,Dick ,Short stories - Fiction,$20.00,In,,
934,The Story of Elizabeth Canning Considered,John A. (John Alexander),Hill ,General & Literary Fiction,$20.00,In,,
935,The Voyage Out,Virginia,Woolf ,General & Literary Fiction,$20.00,In,,
936,The Golden Asse,,Apuleius,General & Literary Fiction,$20.00,In,,
937,"Letters of Abelard and Heloise: To which is prefix'd a particular account of their lives, amours, and misfortunes",,Heloise,Literature -- Collections,$20.00,In,,
938,The Montessori Method: Scientific Pedagogy as Applied to Child Education in 'The Children's Houses' with Additions and Revisions by the Author,Maria,Montessori ,Education,$20.00,In,,
939,"The German Classics from the Fourth to the Nineteenth Century, Vol. 1 (of 2)",F. Max (Friedrich Max),Muller ,Literature -- Collections,$20.00,In,,
940,Night and Day,Virginia,Woolf ,General & Literary Fiction,$20.00,In,,
941,The Scarlet Letter,Nathaniel,Hawthorne ,General & Literary Fiction,$20.00,In,,
942,The Mystery of the Yellow Room,Gaston,Leroux ,General & Literary Fiction,$20.00,In,,
943,"""De Bello Gallico"" and Other Commentaries",Julius,Caesar ,History,$20.00,In,,
944,Myths & Legends of the Celtic Race,T. W. (Thomas William),Rolleston ,Mythology,$20.00,In,,
945,The 2010 CIA World Factbook,,United States. Central Intelligence Agency,Politics & Government,$20.00,In,,
946,The Inspector-General,Nikolai Vasilevich,Gogol ,Drama,$20.00,In,,
947,"Toadstools, mushrooms, fungi, edible and poisonous; one thousand American fungi",Robert K.,Macadam ,Science,$20.00,In,,
948,"The Garden Party, and Other Stories",Katherine,Mansfield ,Short stories - Fiction,$20.00,In,,
949,Micromegas,,Voltaire,Science Fiction,$20.00,In,,
950,Platero y yo,Juan Ramon,Jimenez ,General & Literary Fiction,$20.00,In,,
951,The Analects of Confucius (from the Chinese Classics),,Confucius,Ethics,$20.00,In,,
952,English Fairy Tales,,Unknown,Folklore,$20.00,In,,
953,The Ambassadors,Henry,James ,General & Literary Fiction,$20.00,In,,
954,A Pail of Air,Fritz,Leiber ,General & Literary Fiction,$20.00,In,,
955,"Hung Lou Meng, or, the Dream of the Red Chamber, a Chinese Novel, Book I",Xueqin,Cao ,General & Literary Fiction,$20.00,In,,
956,The Red House Mystery,A. A. (Alan Alexander),Milne ,Short stories - Fiction,$20.00,In,,
957,The Mystery of Edwin Drood,Charles,Dickens ,General & Literary Fiction,$20.00,In,,
958,Theresa Raquin,Emile,Zola ,General & Literary Fiction,$20.00,In,,
959,The Prisoner of Zenda,Anthony,Hope ,General & Literary Fiction,$20.00,In,,
960,Orthodoxy,G. K. (Gilbert Keith),Chesterton ,Religion,$20.00,In,,
961,The Swiss Family Robinson; or Adventures in a Desert Island,Johann David,Wyss ,General & Literary Fiction,$20.00,In,,
962,New Latin Grammar,Charles E. (Charles Edwin),Bennett ,Language,$20.00,In,,
963,Gulliver's Travels into Several Remote Regions of the World,Jonathan Jonathan,Swift ,General & Literary Fiction,$20.00,In,,
964,"A History of Indian Philosophy, Volume 1",Surendranath,Dasgupta ,Philosophy,$20.00,In,,
965,Little Men,Louisa May,Alcott ,General & Literary Fiction,$20.00,In,,
966,Clarissa Harlowe; or the history of a young lady â€” Volume 1,Samuel,Richardson ,General & Literary Fiction,$20.00,In,,
967,The Chemistry of Food and Nutrition,A. W.,Duncan ,Science,$20.00,In,,
968,Flappers and Philosophers,F. Scott (Francis Scott),Fitzgerald ,Short stories - Fiction,$20.00,In,,
969,La chanson des vieux Ã©poux,Pierre,Loti ,General & Literary Fiction,$20.00,In,,
970,Euthyphro,,Plato,Philososphy,$20.00,In,,
971,"Hesiod, the Homeric Hymns, and Homerica",,Hesiod,Poetry,$20.00,In,,
972,The Furious Rose,Dean,Evans ,General & Literary Fiction,$20.00,In,,
973,The Writings of Thomas Paine â€” Volume 2 (1779-1792): The Rights of Man,Thomas,Paine ,Politics & Government,$20.00,In,,
974,Nursing as Caring: A Model for Transforming Practice,Anne Anne,Boykin ,Science,$20.00,In,,
975,The Secret Sharer,Joseph,Conrad ,General & Literary Fiction,$20.00,In,,
976,The Common Law,Oliver Wendell,Holmes ,Common law,$20.00,In,,
977,"The Luck of Roaring Camp and Other Tales: With Condensed Novels, Spanish and American Legends, and Earlier Papers",Bret,Harte ,General & Literary Fiction,$20.00,In,,
978,The Soul of Man under Socialism,Oscar,Wilde ,Socialism,$20.00,In,,
979,The French Revolution: A History,Thomas,Carlyle ,History,$20.00,In,,
980,O Pioneers!,Willa,Cather ,General & Literary Fiction,$20.00,In,,
981,The Lady of the Lake,Walter,Scott ,General & Literary Fiction,$20.00,In,,
982,The Story of Mankind,Hendrik Willem,Van Loon ,History,$20.00,In,,
983,A Boy's Will,Robert,Frost ,Poety,$20.00,In,,
984,Les Fleurs du Mal,Charles,Baudelaire ,Poetry,$20.00,In,,
985,"Studies in the Psychology of Sex, Volume 1: The Evolution of Modesty; The Phenomena of Sexual Periodicity; Auto-Erotism",Havelock,Ellis ,Science,$20.00,In,,
986,The Art of War,active 6th century B.C.,"Sunzi, active 6th century B.C.",Military & War,$20.00,In,,
987,Sketches New and Old,Mark,Twain ,Sociology,$20.00,In,,
988,Hegel's Philosophy of Mind,Georg Wilhelm Friedrich,Hegel ,Philosophy,$20.00,In,,
989,The Madman: His Parables and Poems,Kahlil,Gibran ,Poetry,$20.00,In,,
990,Nicolo Paganini: His Life and Work,Stephen S. (Stephen Samuel),Stratton ,Biography,$20.00,In,,
991,The Imaginary Invalid,,Moliere,Drama,$20.00,In,,
992,Rilla of Ingleside,L. M. (Lucy Maud),Montgomery ,Juvenile fiction,$20.00,In,,
993,The Tale of Benjamin Bunny,Beatrix,Potter ,Juvenile fiction,$20.00,In,,
994,Line and Form (1900),Walter,Crane ,Drawing,$20.00,In,,
995,American Notes,Charles,Dickens ,General & Literary Fiction,$20.00,In,,
996,Laws,,Plato,Politics & Government,$20.00,In,,
997,Demian: Die Geschichte von Emil Sinclairs Jugend,Hermann Hermann,Hesse ,General & Literary Fiction,$20.00,In,,
998,The Autobiography of an Ex-Colored Man,James Weldon,Johnson ,General & Literary Fiction,$20.00,In,,
999,The Complete Poetical Works of Edgar Allan Poe: Including Essays on Poetry,Edgar Allan,Poe ,Poetry,$20.00,In,,
1000,The Diary of a Nobody,Weedon,Grossmith ,General & Literary Fiction,$20.00,In,,
1001,Bradford's History of 'Plimoth Plantation': From the Original Manuscript. With a Report of the Proceedings Incident to the Return of the Manuscript to Massachusetts,William,Bradford ,History,$20.00,In,,
1002,The Real Mother Goose,,Unknown,Poetry,$20.00,In,,
1003,Uncle Remus and Brer Rabbit,Joel Chandler,Harris ,General & Literary Fiction,$20.00,In,,
1004,The Rubaiyat of Omar Khayyam,,Omar Khayyam,Poetry,$20.00,In,,
1005,A Dictionary of Cebuano Visayan,John U.,Wolff ,Language,$20.00,In,,
1006,Lords and Lovers: and Other Dramas,Olive Tilford,Dargan ,Love & Sex,$20.00,In,,
1007,"The Slang Dictionary: Etymological, Historical and Andecdotal",John Camden John,Hotten ,Language,$20.00,In,,
1008,Tales of Terror and Mystery,Arthur Conan,Doyle ,General & Literary Fiction,$20.00,In,,
1009,Martin Eden,Jack,London ,General & Literary Fiction,$20.00,In,,
1010,The Tragical History of Doctor Faustus: From the Quarto of 1616,Christopher,Marlowe ,Drama,$20.00,In,,
1011,The Arabian Nights Entertainments,Andrew,Lang ,Fairy tales,$20.00,In,,
1012,Four Weird Tales,Algernon,Blackwood ,General & Literary Fiction,$20.00,In,,
1013,Daemonologie.,King of England,James I ,General & Literary Fiction,$20.00,In,,
1014,A Beginner's Psychology,Edward Bradford,Titchener ,Psychology,$20.00,In,,
1015,"The History of Mary Prince, a West Indian Slave",Mary,Prince ,Biography,$20.00,In,,
1016,Mary Barton,Elizabeth Cleghorn,Gaskell ,General & Literary Fiction,$20.00,In,,
1017,"The Little White Bird; Or, Adventures in Kensington Gardens",J. M. (James Matthew),Barrie ,General & Literary Fiction,$20.00,In,,
1018,Capture and Escape: A Narrative of Army and Prison Life,John Azor,Kellogg ,General & Literary Fiction,$20.00,In,,
1019,The Critique of Practical Reason,Immanuel,Kant ,Philosophy,$20.00,In,,
1020,The Poetical Works of John Milton,John,Milton ,Poetry,$20.00,In,,
1021,The Complete Poems of Paul Laurence Dunbar,Paul Laurence Paul,Dunbar ,Poetry,$20.00,In,,
1022,The Flowers of Evil,Charles,Baudelaire ,Poetry,$20.00,In,,
1023,Woodcraft and Camping,George Washington,Sears ,Camping,$20.00,In,,
1024,Woyzeck,Georg,Buchner ,"Murderers -- Drama,Soldiers -- Mental health -- Drama,Germany -- Drama",$20.00,In,,
1025,Hamewith,Charles Theodore,Murray ,,$20.00,In,,
1026,Die Leiden des jungen Werther â€” Band 1,Johann Wolfgang von,Goethe ,"Unrequited love -- Fiction,Young men -- Germany -- Fiction,Germany -- Social life and customs -- Fiction",$20.00,In,,
1027,"Narrative and Critical History of America, Vol. IV (of 8): French Explorations and Settlements in North America and Those of the Portuguese, Dutch, and Swedes 1500-1700",,Various,,$20.00,In,,
1028,The Zen Experience,Thomas,Hoover ,"Zen priests -- Biography,Zen Buddhism -- History",$20.00,In,,
1029,An Elephant for the Prinkip,Joseph,Wesley ,,$20.00,In,,
1030,Pennsylvania Dutch Cooking,,Unknown,Cooking -- Pennsylvania,$20.00,In,,
1031,The Hanging Stranger,Philip K.,Dick ,"Science fiction,Short stories",$20.00,In,,
1032,The Coral Island: A Tale of the Pacific Ocean,R. M. (Robert Michael),Ballantyne ,"Outdoor life -- Juvenile fiction,Oceania -- Juvenile fiction,Shipwrecks -- Juvenile fiction,Robinsonades,Conduct of life -- Juvenile fiction,Islands -- Juvenile fiction,Pirates -- Juvenile fiction,Survival skills -- Juvenile fiction,Natural history -- Juvenile fiction,Camping -- Juvenile fiction,Shipwreck survival -- Juvenile fiction",$20.00,In,,
1033,The Wonderful Wizard of Oz,L. Frank (Lyman Frank),Baum ,,$20.00,In,,
1034,The World Set Free,H. G. (Herbert George),Wells ,"Nuclear warfare -- Fiction,Imaginary wars and battles -- Fiction,War stories",$20.00,In,,
1035,The Religion of the Ancient Celts,J. A. (John Arnott),MacCulloch ,"Mythology, Celtic;Celts -- Religion",$20.00,In,,
1036,Short Stories,Fyodor,Dostoyevsky ,"Russia -- Social life and customs -- Fiction;Dostoyevsky, Fyodor, 1821-1881 -- Translations into English;Short stories, Russian -- Translations into English",$20.00,In,,
1037,Wives and Daughters,Elizabeth Cleghorn,Gaskell ,"Fathers and daughters -- Fiction,Stepfamilies -- Fiction,Social classes -- Fiction,Children of physicians -- Fiction,Bildungsromans,England -- Fiction,Domestic fiction,Young women -- Fiction,Love stories",$20.00,In,,
1038,A Defence of Poetry and Other Essays,Percy Bysshe,Shelley ,"English essays,Poetry",$20.00,In,,
1039,Hunger,Knut,Hamsun ,"Authors -- Fiction,Norway -- Fiction,Hunger -- Fiction,Starvation -- Fiction,Urban poor -- Fiction",$20.00,In,,
1040,The Return of Tarzan,Edgar Rice,Burroughs ,"Fantasy fiction,Tarzan (Fictitious character) -- Fiction,Adventure stories",$20.00,In,,
1041,Prufrock and Other Observations,T. S. (Thomas Stearns),Eliot ,Poetry,$20.00,In,,
1042,Heretics,G. K. (Gilbert Keith),Chesterton ,Religion,$20.00,In,,
1043,"The Great English Short-Story Writers, Volume 1",,Unknown,Short stories - Fiction,$20.00,In,,
1044,Thought-Forms,C. W. (Charles Webster),Leadbeater ,Religion,$20.00,In,,
1045,The Divine Comedy of Dante Alighieri: The Inferno,,Dante Alighieri,Poetry,$20.00,In,,
1046,The Elder Eddas of Saemund Sigfusson; and the Younger Eddas of Snorre Sturleson,,Snorri Sturluson,Mythology,$20.00,In,,
1047,The Crystal Crypt,Philip K.,Dick ,Science Fiction,$20.00,In,,
1048,Public Opinion,Walter,Lippmann ,Psychology,$20.00,In,,
1049,The Gardener,Rabindranath,Tagore ,Poetry,$20.00,In,,
1050,The Kreutzer Sonata and Other Stories,,Tolstoy ,Short stories - Fiction,$20.00,In,,
1051,The Jolly Corner,Henry,James ,Short stories - Fiction,$20.00,In,,
1052,"Mission Furniture: How to Make It, Part 3",H. H. (Henry Haven) H. H. (Henry,Windsor ,How To,$20.00,In,,
1053,The Yoga Sutras of Patanjali: The Book of the Spiritual Man,,Patanjali,Literature -- Collections,$20.00,In,,
1054,"The Door in the Wall, and Other Stories",H. G. (Herbert George),Wells ,Fantasy,$20.00,In,,
1055,"Plutarch's Lives, Volume I",,Plutarch,Biography,$20.00,In,,
1056,"Le comte de Monte-Cristo, Tome I",Alexandre,Dumas ,General & Literary Fiction,$20.00,In,,
1057,The Book of Tea,Kakuzo,Okakura ,Sociology,$20.00,In,,
1058,"Rasselas, Prince of Abyssinia",Samuel,Johnson ,General & Literary Fiction,$20.00,In,,
1059,The Argonautica,Rhodius,Apollonius ,Mythology,$20.00,In,,
1060,La Divina Commedia di Dante,,Dante Alighieri,Poetry,$20.00,In,,
1061,The Works of Aphra Behn: Volume V,Aphra Aphra,Behn ,Drama,$20.00,In,,
1062,King Richard III,William,Shakespeare ,History,$20.00,In,,
1063,The Adventure of the Cardboard Box,Arthur Conan,Doyle ,General & Literary Fiction,$20.00,In,,
1064,Foods That Will Win The War And How To Cook Them (1918),C. Houston (Charles Houston),Goudiss ,Cooking,$20.00,In,,
1065,The Entire Project Gutenberg Works of Mark Twain,Mark,Twain ,Literature -- Collections,$20.00,In,,
1066,Woodcraft Boys at Sunset Island,Lillian Elizabeth,Roy ,General & Literary Fiction,$20.00,In,,
1067,The Moon and Sixpence,W. Somerset (William Somerset),Maugham ,General & Literary Fiction,$20.00,In,,
1068,Moby Word Lists,Grady,Ward ,Language,$20.00,In,,
1069,Riders to the Sea,J. M. (John Millington),Synge ,Drama,$20.00,In,,
1070,"Ancient and Modern Ships, Part 1: Wooden Sailing Ships",,Holmes ,History,$20.00,In,,
1071,The New Life (La Vita Nuova),Alighieri Dante,Dante Alighieri,Literature -- Collections,$20.00,In,,
1072,As You Like It,William,Shakespeare ,Drama,$20.00,In,,
1073,Viking Tales,Jennie,Hall ,Folklore,$20.00,In,,
1074,Aeneidos,,Virgil,Poetry,$20.00,In,,
1075,"Theodicy: Essays on the Goodness of God, the Freedom of Man and the Origin of Evil",,"Leibniz, Gottfried Wilhelm, Freiherr von",Religion,$20.00,In,,
1076,The St. Gregory Hymnal and Catholic Choir Book,,Unknown,Religion,$20.00,In,,
1077,Beeton's Book of Needlework,Mrs. (Isabella Mary),Beeton ,Crafts,$20.00,In,,
1078,Ghost Stories of an Antiquary,M. R. (Montague Rhodes),James ,Short stories - Fiction,$20.00,In,,
1079,Martin Chuzzlewit,Charles,Dickens ,General & Literary Fiction,$20.00,In,,
1080,Boy of My Heart,Marie Connor,Leighton ,General & Literary Fiction,$20.00,In,,
1081,The Scarecrow of Oz,L. Frank (Lyman Frank),Baum ,General & Literary Fiction,$20.00,In,,
1082,Henry D. Thoreau,F. B.,Sanborn ,General & Literary Fiction,$20.00,In,,
1083,The Ballad of Reading Gaol,Oscar,Wilde ,Poetry,$20.00,In,,
1084,The Analysis of Beauty: Written with a view of fixing the fluctuating ideas of taste,William,Hogarth ,General & Literary Fiction,$20.00,In,,
1085,The Professor,Charlotte,Bronte ,General & Literary Fiction,$20.00,In,,
1086,Russian Fairy Tales: A Choice Collection of Muscovite Folk-lore,,Unknown,Folklore,$20.00,In,,
1087,Beethoven ,Ludwig van,Beethoven ,Biography,$20.00,In,,
1088,Triplanetary,E. E. (Edward Elmer),Smith ,Science Fiction,$20.00,In,,
1089,Ben-Hur; a tale of the Christ,Lew,Wallace ,Religion,$20.00,In,,
1090,"Claudian, volume 1 (of 2): With an English translation by Maurice Platnauer",Claudius,Claudianus ,Literature -- Collections,$20.00,In,,
